"","Sample","Unique_Sample","order_for_unique_id","treatment","shrubs","pine","block","substrate","start_date","end_date","label","set","incubation","original_substrate_mass_g","deployed_bag_mass_g","bag_mass_g","final_bag_mass_g","final_substrate_g","substrate_mass_difference_g","percent_loss","percent_mass_remaining","DNA_Extraction_ID","copies_DNA_per_g_substrate","DNA_ug_per_g_substrate","ITS_copies_per_ng_DNA","tagNum","pool","notes","scata_ID","copies_fungi","copies_ecto","copies_ericoid","copies_saprotrophs","copies_molds_yeasts","copies_otherrootfungi","copies_archies","copies_sap_whiterot","copies_ecto_whiterot","copies_sap_other","copies_moulds_yeasts","copies_other_root","copies_ericoid_ecto","copies_whiterot","copies_cortinarius"
"1","S3","C2Humus17A",3,"C",1,1,2,"Humus","6/16/17","11/21/18","green","A",17,2.7677,3.0316,0.2639,2.4204,2.1565,0.6112,22.08,77.92,"91",657006367,17,38243,1,2,"nothing","Jadraas_org_bags2 gITS7_tag_1_ITS4_tag_1",654192829.833333,152253942.5,16569557.3333333,13464369.5,422203331.833333,31756983,20018561,1035743,0,12428626.5,422203331.833333,31756983,13805347.3333333,1035743,0
"2","S4","C3Humus17B",4,"C",1,1,3,"Humus","6/14/18","11/20/19","green","B",17,2.7402,2.9893,0.2491,2.37,2.1209,0.6193,22.6,77.4,"165",5710865557,119,47994,1,3,"nothing","Jadraas_org_bags3 gITS7_tag_1_ITS4_tag_1",5683101917.83333,0,0,4864295555.16667,596757536.5,13876328.1666667,0,1568232826,0,3296062729.16667,596757536.5,13876328.1666667,34695417,1568232826,0
"3","S5","C1Humus5A",5,"C",1,1,1,"Humus","6/16/17","11/21/17","blue","A",5,2.901,3.285,0.384,2.63,2.246,0.655,22.58,77.42,"2",72908406,14,5398,4,1,"nothing","Jadraas_org_bags1 gITS7_tag_4_ITS4_tag_4",72567026.3333333,225225,1472404.16666667,2509645,66914883.8333333,321457.5,0,0,32175,2509645,66914883.8333333,321457.5,321749,32175,0
"4","S7","DC2Humus17A",7,"DC",1,0,2,"Humus","6/16/17","11/21/18","green","A",17,3.2089,3.4472,0.2383,3.0676,2.8293,0.3796,11.83,88.17,"92",1295028441,23,55686,4,2,"nothing","Jadraas_org_bags2 gITS7_tag_4_ITS4_tag_4",1177030261,319981517,86838350.1666667,31145977,284111544.166667,348297881.166667,344522872,2831695,19821864,28314282,284111544.166667,348297881.166667,88726438,22653559,19821864
"5","S8","DC1Humus17B",8,"DC",1,0,1,"Humus","6/14/18","11/20/19","green","B",17,2.7885,3.043,0.2545,2.2,1.9455,0.843,30.23,69.77,"166",2339573661,85,27453,4,3,"nothing","Jadraas_org_bags3 gITS7_tag_4_ITS4_tag_4",2339570656.83333,0,0,2173881474.66667,13252661.6666667,16569219,0,1063743831.66667,0,1110137643,13252661.6666667,16569219,0,1063743831.66667,0
"6","S9","DC1Humus5A",9,"DC",1,0,1,"Humus","6/16/17","11/21/17","blue","A",5,2.517,2.853,0.336,2.4121,2.0761,0.4409,17.52,82.48,"3",15564534,13,1175,5,1,"nothing","Jadraas_org_bags1 gITS7_tag_5_ITS4_tag_5",14889576.8333333,222785,353534.666666667,495621.166666667,12931336.5,637975,415190,444986.166666667,10127,50635,12931336.5,637975,202532,455113.166666667,10127
"7","S10","E2Humus17A",10,"E",0,1,2,"Humus","6/16/17","11/21/18","green","A",17,2.6815,2.9244,0.2429,2.5311,2.2882,0.3933,14.67,85.33,"93",480435498,51,9373,5,2,"nothing","Jadraas_org_bags2 gITS7_tag_5_ITS4_tag_5",475966763.166667,6647070,6645232.16666667,7016352,433872906.666667,8860341.33333333,4431381,0,6647070,7016352,433872906.666667,8860341.33333333,10339888,6647070,5908507
"8","S11","C6Humus17B",11,"C",1,1,6,"Humus","6/14/18","11/20/19","green","B",17,2.8064,3.0456,0.2392,2.32,2.0808,0.7256,25.86,74.14,"167",3758818421,95,39398,5,3,"nothing","Jadraas_org_bags3 gITS7_tag_5_ITS4_tag_5",3736676291.83333,1084269031.5,42166232,38148069.3333333,2309061138.33333,72280107.1666667,24094990,0,2007916,38148069.3333333,2309061138.33333,72280107.1666667,158625350,2007916,0
"9","S12","E1Humus5A",12,"E",0,1,1,"Humus","6/16/17","11/21/17","blue","A",5,2.885,3.215,0.33,2.9813,2.6513,0.2337,8.1,91.9,"4",46573111,10,4524,6,1,"nothing","Jadraas_org_bags1 gITS7_tag_6_ITS4_tag_6",46301862.1666667,0,612419.666666667,349954,43823310,728780.5,145814,145814,0,204140,43823310,728780.5,699909,145814,0
"10","S13","T2Humus17A",13,"T",1,0,2,"Humus","6/16/17","11/21/18","green","A",17,2.8476,3.1148,0.2672,2.7648,2.4976,0.35,12.29,87.71,"94",1327208044,56,23655,6,2,"nothing","Jadraas_org_bags2 gITS7_tag_6_ITS4_tag_6",1308392982,0,7040892,4692090.16666667,1252072480.5,11734527.5,0,1173482,0,3518608.16666667,1252072480.5,11734527.5,15250762.8333333,1173482,0
"11","S14","T5Humus17B",14,"T",1,0,5,"Humus","6/14/18","11/20/19","green","B",17,2.9444,3.2006,0.2562,2.47,2.2138,0.7306,24.81,75.19,"168",1318937173,128,10299,6,3,"nothing","Jadraas_org_bags3 gITS7_tag_6_ITS4_tag_6",1289492887,0,45623731.3333333,21609999.8333333,1095592319.66667,15606885.8333333,0,600336,0,21009663.8333333,1095592319.66667,15606885.8333333,80444961.6666667,600336,0
"12","S15","T1Humus5A",15,"T",1,0,1,"Humus","6/16/17","11/21/17","blue","A",5,2.749,3.061,0.312,2.8844,2.5724,0.1766,6.42,93.58,"5",1004764567,32,31103,7,1,"nothing","Jadraas_org_bags1 gITS7_tag_7_ITS4_tag_7",1000925771.33333,0,1915661,3352406,950163658,5746985,0,478915,0,2873491,950163658,5746985,26819264,478915,0
"13","S16","TE2Humus17A",16,"TE",0,0,2,"Humus","6/16/17","11/21/18","green","A",17,2.9237,3.1957,0.272,3.0022,2.7302,0.1935,6.62,93.38,"95",525752425,51,10240,7,2,"nothing","Jadraas_org_bags2 gITS7_tag_7_ITS4_tag_7",525735232.333333,318252,2864268,3500772,495191845.166667,6364458.16666667,0,318252,0,3182520,495191845.166667,6364458.16666667,12093578,318252,0
"14","S17","E4Humus17B",17,"E",0,1,4,"Humus","6/14/18","11/20/19","green","B",17,2.6634,2.9015,0.2381,2.12,1.8819,0.7815,29.34,70.66,"169",4822895892,105,45999,7,3,"nothing","Jadraas_org_bags3 gITS7_tag_7_ITS4_tag_7",4714189467.66667,2274460696.66667,70849133,106276529.666667,1920142683.33333,85022600.8333333,30704039,18894793,153520192,87381736.6666667,1920142683.33333,85022600.8333333,198393487.166667,172414985,0
"15","S18","TE1Humus5A",18,"TE",0,0,1,"Humus","6/16/17","11/21/17","blue","A",5,2.887,3.189,0.302,2.9958,2.6938,0.1932,6.69,93.31,"6",831894784,30,27500,8,1,"nothing","Jadraas_org_bags1 gITS7_tag_8_ITS4_tag_8",831891993.666667,0,418038,150075491,650048144.166667,14213278,418038,138788476,0,11287015,650048144.166667,14213278,13792741.5,138788476,0
"16","S19","C3Humus17A",19,"C",1,1,3,"Humus","6/16/17","11/21/18","green","A",17,2.7402,2.9893,0.2491,2.9555,2.7064,0.0338,1.23,98.77,"96",1041203486,28,37717,8,2,"nothing","Jadraas_org_bags2 gITS7_tag_8_ITS4_tag_8",1015532037,637901.5,16038255,1283059.66666667,964854781.833333,17321315,1283060,0,0,1283059.66666667,964854781.833333,17321315,12189074,0,0
"17","S20","C4Humus17B",20,"C",1,1,4,"Humus","6/14/18","11/20/19","green","B",17,2.8285,3.0933,0.2648,2.54,2.2752,0.5533,19.56,80.44,"170",7058494721,116,60874,8,3,"nothing","Jadraas_org_bags3 gITS7_tag_8_ITS4_tag_8",5738030793.66667,562728775.166667,651341212.166667,212685340,3553588150.66667,212685341,159514005,124066448,8861889,88618892,3553588150.66667,212685341,505127682,132928337,8861889
"18","S21","C2Humus5A",21,"C",1,1,2,"Humus","6/16/17","11/21/17","blue","A",5,2.733,3.057,0.324,2.463,2.139,0.594,21.73,78.27,"7",219517897,22,10165,9,1,"nothing","Jadraas_org_bags1 gITS7_tag_9_ITS4_tag_9",212678338.833333,1743463,6656568.16666667,2375993.66666667,193501989,1901960,475490,158497,0,2217496.66666667,193501989,1901960,4754901,158497,0
"19","S22","DC3Humus17A",22,"DC",1,0,3,"Humus","6/16/17","11/21/18","green","A",17,2.5877,2.8515,0.2638,2.6554,2.3916,0.1961,7.58,92.42,"97",424581297,52,8207,9,2,"nothing","Jadraas_org_bags2 gITS7_tag_9_ITS4_tag_9",423779391.666667,3983945.83333333,5581351,26312079.6666667,371558469,3189344,797336,0,797336,26312079.6666667,371558469,3189344,7973357,797336,797336
"20","S23","TE6Humus17B",23,"TE",0,0,6,"Humus","6/14/18","11/20/19","green","B",17,2.5503,2.8119,0.2616,2.19,1.9284,0.6219,24.39,75.61,"171",1662726254,160,10398,9,3,"nothing","Jadraas_org_bags3 gITS7_tag_9_ITS4_tag_9",1654356106.16667,0,20906030,62717506.1666667,1379792601.5,48778965.5,0,16724824,0,45992682.1666667,1379792601.5,48778965.5,101742680,16724824,0
"21","S25","DC2Humus5A",25,"DC",1,0,2,"Humus","6/16/17","11/21/17","blue","A",5,2.744,3.065,0.321,2.4003,2.0793,0.6647,24.22,75.78,"8",41697338,13,3153,10,1,"nothing","Jadraas_org_bags1 gITS7_tag_10_ITS4_tag_10",41457617.3333333,75097,260999.166666667,92032.1666666667,39452462,1088899,37548,0,0,92032.1666666667,39452462,1088899,262838,0,0
"22","S26","T3Humus17A",26,"T",1,0,3,"Humus","6/16/17","11/21/18","green","A",17,2.5674,2.8217,0.2543,2.8363,2.582,0.0146,-0.57,100.57,"98",659527204,45,14605,10,2,"nothing","Jadraas_org_bags2 gITS7_tag_10_ITS4_tag_10",646348004.166667,0,7232358.16666667,6301789,609761264,10848681.5,0,877302,0,5424487,609761264,10848681.5,8136730,877302,0
"23","S27","E2Humus17B",27,"E",0,1,2,"Humus","6/14/18","11/20/19","green","B",17,2.6815,2.9244,0.2429,1.89,1.6471,1.0344,38.58,61.42,"172",3422667433,145,23597,10,3,"nothing","Jadraas_org_bags3 gITS7_tag_10_ITS4_tag_10",3411160006.66667,960183970.666667,25268013.6666667,57427305,1300136749,895865972,875192142,4594184,130934257,52833121,1300136749,895865972,144716811,135528441,128637165
"24","S29","E2Humus5A",29,"E",0,1,2,"Humus","6/16/17","11/21/17","blue","A",5,2.641,2.971,0.33,2.4315,2.1015,0.5395,20.43,79.57,"9",150142928,20,7574,11,1,"nothing","Jadraas_org_bags1 gITS7_tag_11_ITS4_tag_11",149833011.5,824206,618155,3090774,140842640.166667,1645700.83333333,0,0,0,3090774,140842640.166667,1645700.83333333,407599.833333333,0,0
"25","S30","TE3Humus17A",30,"TE",0,0,3,"Humus","6/16/17","11/21/18","green","A",17,2.9582,3.2023,0.2441,2.7094,2.4653,0.4929,16.66,83.34,"99",980925779,98,10045,11,2,"nothing","Jadraas_org_bags2 gITS7_tag_11_ITS4_tag_11",980913591.333333,0,5537018.66666667,6768957.5,936617965,15994984.3333333,0,615386,0,6153571.5,936617965,15994984.3333333,8000021,615386,0
"26","S31","DC6Humus17B",31,"DC",1,0,6,"Humus","6/14/18","11/20/19","green","B",17,2.7418,3.002,0.2602,2.31,2.0498,0.692,25.24,74.76,"173",2118214149,120,17627,11,3,"nothing","Jadraas_org_bags3 gITS7_tag_11_ITS4_tag_11",2062578301.83333,8775615,310437393,21939038.6666667,1534971296,30714653,0,12066471,0,9872567.66666667,1534971296,30714653,116276903,12066471,0
"27","S33","T2Humus5A",33,"T",1,0,2,"Humus","6/16/17","11/21/17","blue","A",5,2.672,3.023,0.351,2.865,2.514,0.158,5.91,94.09,"10",423446489,25,17205,12,1,"nothing","Jadraas_org_bags1 gITS7_tag_12_ITS4_tag_12",391597330.5,0,21782481.1666667,1017900,332967153.833333,22393513.5,203580,1017900,0,0,332967153.833333,22393513.5,12418382,1017900,0
"28","S34","C4Humus17A",34,"C",1,1,4,"Humus","6/16/17","11/21/18","green","A",17,2.8285,3.0933,0.2648,3.0548,2.79,0.0385,1.36,98.64,"100",919333523,40,23264,12,2,"nothing","Jadraas_org_bags2 gITS7_tag_12_ITS4_tag_12",753671469.333333,0,8343775.66666667,4493949,696551688.333333,35945203.1666667,28889671,0,0,4493949,696551688.333333,35945203.1666667,7058244.33333333,0,0
"29","S35","T1Humus17B",35,"T",1,0,1,"Humus","6/14/18","11/20/19","green","B",17,2.8266,3.0904,0.2638,2.34,2.0762,0.7504,26.55,73.45,"174",3345483066,146,22920,12,3,"nothing","Jadraas_org_bags3 gITS7_tag_12_ITS4_tag_12",3288520407.33333,0,153884953,15751713.5,3017105629.83333,12116926,0,7270156,0,8481557.5,3017105629.83333,12116926,55736523.1666667,7270156,0
"30","S37","TE2Humus5A",37,"TE",0,0,2,"Humus","6/16/17","11/21/17","blue","A",5,2.619,2.974,0.355,2.8024,2.4474,0.1716,6.55,93.45,"11",490364411,24,20285,13,1,"nothing","Jadraas_org_bags1 gITS7_tag_13_ITS4_tag_13",490289955,0,223706,10288655.1666667,448249138.833333,25053278.1666667,447413,671119,0,9617536.16666667,448249138.833333,25053278.1666667,4474128,671119,0
"31","S38","DC4Humus17A",38,"DC",1,0,4,"Humus","6/16/17","11/21/18","green","A",17,3.1467,3.421,0.2743,3.0356,2.7613,0.3854,12.25,87.75,"101",331018324,35,9377,13,2,"nothing","Jadraas_org_bags2 gITS7_tag_13_ITS4_tag_13",326000642.166667,906900,5213485.16666667,2267249,302875889,11109519,0,0,0,2267249,302875889,11109519,2040525,0,0
"32","S39","TE4Humus17B",39,"TE",0,0,4,"Humus","6/14/18","11/20/19","green","B",17,2.9937,3.2589,0.2652,2.51,2.2448,0.7489,25.02,74.98,"175",1334750354,144,9282,13,3,"nothing","Jadraas_org_bags3 gITS7_tag_13_ITS4_tag_13",1333324737.5,696634,18112479,14629019.5,1191217126.66667,4876437,0,696634,696634,13932385.5,1191217126.66667,4876437,67570210,1393268,0
"33","S42","E4Humus17A",42,"E",0,1,4,"Humus","6/16/17","11/21/18","green","A",17,2.6634,2.9015,0.2381,3.0618,2.8237,0.1603,-6.02,106.02,"102",2515837953,39,63876,14,2,"nothing","Jadraas_org_bags2 gITS7_tag_14_ITS4_tag_14",2497064156.33333,0,18029709.6666667,0,2444362220.16667,8321405,1386901,0,0,0,2444362220.16667,8321405,18029709,0,0
"34","S43","E5Humus17B",43,"E",0,1,5,"Humus","6/14/18","11/20/19","green","B",17,2.5882,2.8403,0.2521,1.97,1.7179,0.8703,33.63,66.37,"176",2452936210,116,21063,14,3,"nothing","Jadraas_org_bags3 gITS7_tag_14_ITS4_tag_14",2443934813.16667,657980109,95458254,63070632.6666667,959220749.833333,535247484.333333,419334474,1704611.66666667,10227670,61366021,959220749.833333,535247484.333333,103981312,11932281.6666667,10227670
"35","S45","C3Humus5A",45,"C",1,1,3,"Humus","6/16/17","11/21/17","blue","A",5,2.907,3.243,0.336,3.0298,2.6938,0.2132,7.33,92.67,"13",218642456,14,16005,15,1,"nothing","Jadraas_org_bags1 gITS7_tag_15_ITS4_tag_15",216692953.5,1918081,6532375,384257,202388965.333333,2497673,192129,0,0,384257,202388965.333333,2497673,1722769.16666667,0,0
"36","S46","T4Humus17A",46,"T",1,0,4,"Humus","6/16/17","11/21/18","green","A",17,2.6066,2.8679,0.2613,2.7114,2.4501,0.1565,6,94,"103",720562520,43,16837,15,2,"nothing","Jadraas_org_bags2 gITS7_tag_15_ITS4_tag_15",717705881.333333,473743,2839160.83333333,11843566,685494675.5,10896080,0,7579882,473743,4263684,685494675.5,10896080,5211170,8053625,473743
"37","S47","DC2Humus17B",47,"DC",1,0,2,"Humus","6/14/18","11/20/19","green","B",17,3.2089,3.4472,0.2383,2.78,2.5417,0.6672,20.79,79.21,"177",5102937011,120,42650,15,3,"nothing","Jadraas_org_bags3 gITS7_tag_15_ITS4_tag_15",4770291659.16667,523666519,240812756.666667,301971261.5,3069322923.83333,172009113,152896989,244634891.5,0,57336370,3069322923.83333,172009113,412820033.166667,244634891.5,0
"38","S49","DC3Humus5A",49,"DC",1,0,3,"Humus","6/16/17","11/21/17","blue","A",5,2.947,3.299,0.352,3.0787,2.7267,0.2203,7.48,92.52,"14",378036733,23,16195,16,1,"nothing","Jadraas_org_bags1 gITS7_tag_16_ITS4_tag_16",365317060,1295801,2972278,4986314.66666667,322266852.166667,11144207.1666667,1486139,0,0,4986314.66666667,322266852.166667,11144207.1666667,12446417,0,0
"39","S50","TE4Humus17A",50,"TE",0,0,4,"Humus","6/16/17","11/21/18","green","A",17,2.9937,3.2589,0.2652,3.0613,2.7961,0.1976,6.6,93.4,"104",712258245,73,9736,16,2,"nothing","Jadraas_org_bags2 gITS7_tag_16_ITS4_tag_16",712202864.666667,0,6896048.66666667,2178161,667939503.666667,5808426,0,363027,0,1815134,667939503.666667,5808426,21780702.3333333,363027,0
"40","S51","E6Humus17B",51,"E",0,1,6,"Humus","6/14/18","11/20/19","green","B",17,2.9129,3.1631,0.2502,2.28,2.0298,0.8831,30.32,69.68,"178",2381113866,150,15867,16,3,"nothing","Jadraas_org_bags3 gITS7_tag_16_ITS4_tag_16",2378778893.33333,1008656787.33333,75942502,124985987,745183068.5,63285416.6666667,50628334,4746406,107583372.166667,120239581,745183068.5,63285416.6666667,289530788.666667,112329778.166667,102838804
"41","S53","E3Humus5A",53,"E",0,1,3,"Humus","6/16/17","11/21/17","blue","A",5,2.714,3.039,0.325,2.8688,2.5438,0.1702,6.27,93.73,"15",231739771,12,19418,17,1,"nothing","Jadraas_org_bags1 gITS7_tag_17_ITS4_tag_17",231014150.5,5518425.33333333,77479,1626767.5,199176685.666667,17742697,0,0,4416305,1626767.5,199176685.666667,17742697,6120843,4416305,4338826
"42","S54","C5Humus17A",54,"C",1,1,5,"Humus","6/16/17","11/21/18","green","A",17,3.0753,3.3253,0.25,2.3686,2.1186,0.9567,31.11,68.89,"105",651349817,25,26026,17,2,"nothing","Jadraas_org_bags2 gITS7_tag_17_ITS4_tag_17",637308643.666667,1043961.33333333,8757280.66666667,10861670,587221085.5,20672210,4905270,0,0,10861670,587221085.5,20672210,4553054.16666667,0,0
"43","S57","T3Humus5A",57,"T",1,0,3,"Humus","6/16/17","11/21/17","blue","A",5,2.611,2.909,0.298,2.7498,2.4518,0.1592,6.1,93.9,"16",260262756,23,11181,18,1,"nothing","Jadraas_org_bags1 gITS7_tag_18_ITS4_tag_18",247703377,0,9784919.5,3816490.33333333,217520483.666667,3937952,238664,1430144.16666667,0,2386346.16666667,217520483.666667,3937952,6559956.83333333,1430144.16666667,0
"44","S58","DC5Humus17A",58,"DC",1,0,5,"Humus","6/16/17","11/21/18","green","A",17,2.9842,3.2324,0.2482,2.453,2.2048,0.7794,26.12,73.88,"106",1159049139,32,36346,18,2,"nothing","Jadraas_org_bags2 gITS7_tag_18_ITS4_tag_18",1157636215.5,689910,26216588,26906498,1070017913.33333,14488115,0,0,689910,26906498,1070017913.33333,14488115,10348653,689910,689910
"45","S59","TE2Humus17B",59,"TE",0,0,2,"Humus","6/14/18","11/20/19","green","B",17,2.9237,3.1957,0.272,2.37,2.098,0.8257,28.24,71.76,"180",2701082088,168,16033,18,3,"nothing","Jadraas_org_bags3 gITS7_tag_18_ITS4_tag_18",2699614234.33333,0,21688735.6666667,11564777.3333333,2452359096.5,21689630,1445975,1444137.16666667,0,10120640.1666667,2452359096.5,21689630,120015960,1444137.16666667,0
"46","S61","TE3Humus5A",61,"TE",0,0,3,"Humus","6/16/17","11/21/17","blue","A",5,2.964,3.253,0.289,3.0494,2.7604,0.2036,6.87,93.13,"17",142112117,16,8692,20,1,"nothing","Jadraas_org_bags1 gITS7_tag_20_ITS4_tag_20",142105261.166667,0,192130,192130,137367805,1472997,0,128087,0,64043,137367805,1472997,2496232.66666667,128087,0
"47","S62","E5Humus17A",62,"E",0,1,5,"Humus","6/16/17","11/21/18","green","A",17,2.5882,2.8403,0.2521,2.6599,2.4078,0.1804,6.97,93.03,"107",767684931,25,31082,20,2,"nothing","Jadraas_org_bags2 gITS7_tag_20_ITS4_tag_20",766092478.666667,3544980,11028824,36237565,692470867.833333,10241052,5908299,787773,1575547,35449792,692470867.833333,10241052,7061049.33333333,2363320,1575547
"48","S63","C5Humus17B",63,"C",1,1,5,"Humus","6/14/18","11/20/19","green","B",17,3.0753,3.3253,0.25,2.65,2.4,0.6753,21.96,78.04,"181",2439847959,96,25416,20,3,"nothing","Jadraas_org_bags3 gITS7_tag_20_ITS4_tag_20",2358648299.83333,814305773.833333,62790206,64583920.1666667,882357796,421591375,407239328,0,5382018,64583920.1666667,882357796,421591375,84318276,5382018,5382018
"49","S65","C4Humus5A",65,"C",1,1,4,"Humus","6/16/17","11/21/17","blue","A",5,2.8,3.122,0.322,2.9536,2.6316,0.1684,6.01,93.99,"18",12926059,9,1372,21,1,"nothing","Jadraas_org_bags1 gITS7_tag_21_ITS4_tag_21",12571271.1666667,5630,349049,39410,11214764.6666667,647147.5,527366.166666667,0,5630,39410,11214764.6666667,647147.5,213932,5630,5630
"50","S66","T5Humus17A",66,"T",1,0,5,"Humus","6/16/17","11/21/18","green","A",17,2.9444,3.2006,0.2562,2.9063,2.6501,0.2943,10,90,"108",900648919,40,22407,21,2,"nothing","Jadraas_org_bags2 gITS7_tag_21_ITS4_tag_21",897373742,0,1076044,2151796.16666667,882310584.5,6993119.33333333,1076044,0,0,2151796.16666667,882310584.5,6993119.33333333,1076044,0,0
"51","S67","DC4Humus17B",67,"DC",1,0,4,"Humus","6/14/18","11/20/19","green","B",17,3.1467,3.421,0.2743,2.18,1.9057,1.241,39.44,60.56,"182",3730877546,109,34152,21,3,"nothing","Jadraas_org_bags3 gITS7_tag_21_ITS4_tag_21",3656155291.66667,198091693.833333,671557958.666667,455411182.5,1960587967.33333,43741323,0,28295857.6666667,0,427115324.833333,1960587967.33333,43741323,185257368,28295857.6666667,0
"52","S69","DC4Humus5A",69,"DC",1,0,4,"Humus","6/16/17","11/21/17","blue","A",5,2.533,2.888,0.355,2.4336,2.0786,0.4544,17.94,82.06,"19",83443468,16,5159,22,1,"nothing","Jadraas_org_bags1 gITS7_tag_22_ITS4_tag_22",83063919.3333333,3007846,1164328,3153388,71550749.3333333,1812275.83333333,0,242568,0,2910820,71550749.3333333,1812275.83333333,1455410,242568,0
"53","S70","TE5Humus17A",70,"TE",0,0,5,"Humus","6/16/17","11/21/18","green","A",17,2.5142,2.7441,0.2299,2.7259,2.496,0.0182,0.72,99.28,"109",694415770,40,17485,22,2,"nothing","Jadraas_org_bags2 gITS7_tag_22_ITS4_tag_22",694402091.5,0,718856,3234856,661694107.833333,9704566.66666667,359427.666666667,1437714,0,1797142,661694107.833333,9704566.66666667,14017708,1437714,0
"54","S71","C1Humus17B",71,"C",1,1,1,"Humus","6/14/18","11/20/19","green","B",17,3.301,3.5618,0.2608,2.75,2.4892,0.8118,24.59,75.41,"183",2560554591,123,20786,22,3,"nothing","Jadraas_org_bags3 gITS7_tag_22_ITS4_tag_22",2276167092.16667,727464861.166667,392575641,24035246,821237657.666667,182665719.666667,174653971.666667,3204700,24035244,20830546,821237657.666667,182665719.666667,94538623,27239944,12818797
"55","S73","E4Humus5A",73,"E",0,1,4,"Humus","6/16/17","11/21/17","blue","A",5,2.547,2.866,0.319,2.7088,2.3898,0.1572,6.17,93.83,"20",56933342,11,5087,23,1,"brokenseal","Jadraas_org_bags1 gITS7_tag_23_ITS4_tag_23",56577237.8333333,431890,2743776,659058.833333333,51523351.5,304863,0,0,25405,659058.833333333,51523351.5,304863,507815.5,25405,0
"56","S74","C6Humus17A",74,"C",1,1,6,"Humus","6/16/17","11/21/18","green","A",17,2.8064,3.0456,0.2392,2.1962,1.957,0.8494,30.27,69.73,"110",1488159141,31,48598,23,2,"nothing","Jadraas_org_bags2 gITS7_tag_23_ITS4_tag_23",1487365774.33333,3139576,15696043.1666667,100466440,1299779770,48663432,0,0,1569788,100466440,1299779770,48663432,5492420.16666667,1569788,0
"57","S75","C8Humus17B",75,"C",1,1,8,"Humus","6/14/18","11/20/19","green","B",17,2.5202,2.7832,0.263,2.22,1.957,0.5632,22.35,77.65,"184",5932406983,131,45456,23,3,"nothing","Jadraas_org_bags3 gITS7_tag_23_ITS4_tag_23",5786644057.66667,1785345703.5,125868756.5,404104053.166667,2712801043.83333,344483710,284861530,380919488,33123434,23184565.1666667,2712801043.83333,344483710,344483711,414042922,0
"58","S77","T4Humus5A",77,"T",1,0,4,"Humus","6/16/17","11/21/17","blue","A",5,2.57,2.903,0.333,2.7374,2.4044,0.1656,6.44,93.56,"21",72167378,11,6500,24,1,"nothing","Jadraas_org_bags1 gITS7_tag_24_ITS4_tag_24",71595896,0,2139614,445752,66657187.1666667,1067968.16666667,0,0,0,445752,66657187.1666667,1067968.16666667,713204,0,0
"59","S78","DC6Humus17A",78,"DC",1,0,6,"Humus","6/16/17","11/21/18","green","A",17,2.7418,3.002,0.2602,2.2337,1.9735,0.7683,28.02,71.98,"111",870707519,55,15771,24,2,"nothing","Jadraas_org_bags2 gITS7_tag_24_ITS4_tag_24",866740834.833333,0,7059498.5,65106958,767935303.5,3922106,0,784421,0,64322537,767935303.5,3922106,10168069.6666667,784421,0
"60","S79","TE5Humus17B",79,"TE",0,0,5,"Humus","6/14/18","11/20/19","green","B",17,2.5142,2.7441,0.2299,2.05,1.8201,0.6941,27.61,72.39,"185",919743988,170,5397,24,3,"nothing","Jadraas_org_bags3 gITS7_tag_24_ITS4_tag_24",915557221.5,677278,16928689,67023485.5,619624164.333333,8127340,0,47382705,677278,19640780.5,619624164.333333,8127340,162546802,48059983,677278
"61","S81","TE4Humus5A",81,"TE",0,0,4,"Humus","6/16/17","11/21/17","blue","A",5,2.644,2.976,0.332,2.8138,2.4818,0.1622,6.13,93.87,"23",49883662,12,4306,25,1,"nothing","Jadraas_org_bags1 gITS7_tag_25_ITS4_tag_25",49783853.1666667,0,365180,1095541,45839908.5,1631139,97381,24345,0,1071196,45839908.5,1631139,511252,24345,0
"62","S82","E6Humus17A",82,"E",0,1,6,"Humus","6/16/17","11/21/18","green","A",17,2.9129,3.1631,0.2502,2.4913,2.2411,0.6718,23.06,76.94,"112",584942195,35,16768,25,2,"nothing","Jadraas_org_bags2 gITS7_tag_25_ITS4_tag_25",584469356.5,2318775.66666667,15307766,10669049,527878469.5,11596499.1666667,927451.5,0,0,10669049,527878469.5,11596499.1666667,8813561,0,0
"63","S83","T3Humus17B",83,"T",1,0,3,"Humus","6/14/18","11/20/19","green","B",17,2.5674,2.8217,0.2543,2.15,1.8957,0.6717,26.16,73.84,"186",1046624572,119,8830,25,3,"nothing","Jadraas_org_bags3 gITS7_tag_25_ITS4_tag_25",987128827.333333,0,66993073.1666667,24605108.8333333,761546842.333333,23925859.6666667,0,10254323,0,14350785.8333333,761546842.333333,23925859.6666667,84769072,10254323,0
"64","S85","T6Humus17A",85,"T",1,0,6,"Humus","6/16/17","11/21/18","green","A",17,2.9286,3.1777,0.2491,2.63776,2.38866,0.53994,18.44,81.56,"113",859128219,44,19401,26,2,"nothing","Jadraas_org_bags2 gITS7_tag_26_ITS4_tag_26",841022767,0,19712019.5,1642692,806558740.166667,4074507.33333333,1610468.33333333,0,0,1642692,806558740.166667,4074507.33333333,6570770,0,0
"65","S86","T4Humus17B",86,"T",1,0,4,"Humus","6/14/18","11/20/19","green","B",17,2.6066,2.8679,0.2613,2.19,1.9287,0.6779,26.01,73.99,"187",476789187,53,9055,26,3,"nothing","Jadraas_org_bags3 gITS7_tag_26_ITS4_tag_26",431134840.666667,0,61721340.1666667,3576025.66666667,314849350.666667,12076273,2236347,1339678.66666667,0,2236347,314849350.666667,12076273,24599817,1339678.66666667,0
"66","S88","DC5Humus5A",88,"DC",1,0,5,"Humus","6/16/17","11/21/17","blue","A",5,2.975,3.283,0.308,2.5561,2.2481,0.7269,24.43,75.57,"25",203549,6,32,29,1,"nothing","Jadraas_org_bags1 gITS7_tag_29_ITS4_tag_29",198092.5,7864,1307.5,11730,173460,534,0,0,0,11730,173460,534,933,0,0
"67","S89","C7Humus17A",89,"C",1,1,7,"Humus","6/16/17","11/21/18","green","A",17,2.5861,2.8454,0.2593,3.0152,2.7559,0.1698,-6.57,106.57,"115",909105185,32,28411,29,2,"nothing","Jadraas_org_bags2 gITS7_tag_29_ITS4_tag_29",802243138,7935411,8826263,1765253,659267368.666667,89145266,40600814,0,882626,1765253,659267368.666667,89145266,31773655.6666667,882626,882626
"68","S90","E1Humus17B",90,"E",0,1,1,"Humus","6/14/18","11/20/19","green","B",17,2.7681,3.0329,0.2648,2.26,1.9952,0.7729,27.92,72.08,"188",5691724287,78,72617,29,3,"nothing","Jadraas_org_bags3 gITS7_tag_29_ITS4_tag_29",5676584700.66667,2968135918,62335650,42411655.1666667,1769371010.83333,441144596,369218846,14385150,580201044,28026505.1666667,1769371010.83333,441144596,292498046.666667,594586194,580201044
"69","S92","E5Humus5A",92,"E",0,1,5,"Humus","6/16/17","11/21/17","blue","A",5,2.686,3.031,0.345,2.6167,2.2717,0.4143,15.42,84.58,"26",217025572,28,7727,31,1,"nothing","Jadraas_org_bags1 gITS7_tag_31_ITS4_tag_31",216139141.333333,2644825.5,2897034,37408619.6666667,167646510.166667,881706,125958,251916,0,37156703.6666667,167646510.166667,881706,1133622,251916,0
"70","S93","DC7Humus17A",93,"DC",1,0,7,"Humus","6/16/17","11/21/18","green","A",17,2.956,3.2075,0.2515,2.7144,2.4629,0.4931,16.68,83.32,"116",389399910,22,17762,31,2,"nothing","Jadraas_org_bags2 gITS7_tag_31_ITS4_tag_31",385051041,287805,3163792.83333333,7195120,358003705,5756096,0,0,0,7195120,358003705,5756096,7481088.16666667,0,0
"71","S94","T6Humus17B",94,"T",1,0,6,"Humus","6/14/18","11/20/19","green","B",17,2.9286,3.1777,0.2491,2.42,2.1709,0.7577,25.87,74.13,"189",1620387039,119,13590,31,3,"nothing","Jadraas_org_bags3 gITS7_tag_31_ITS4_tag_31",1580421865,1139056.83333333,179153631.166667,11402998.1666667,1230115954.83333,23963471,14834530,4561737.83333333,1139056.83333333,6841260.33333333,1230115954.83333,23963471,93568350.8333333,5700794.66666667,0
"72","S96","T5Humus5A",96,"T",1,0,5,"Humus","6/16/17","11/21/17","blue","A",5,2.932,3.24,0.308,3.0832,2.7752,0.1568,5.35,94.65,"27",434834125,22,19581,32,1,"nothing","Jadraas_org_bags1 gITS7_tag_32_ITS4_tag_32",433547969.166667,0,1407444.5,1093067.16666667,416504347,8602834,1094906,469245,0,623822.166666667,416504347,8602834,2033397,469245,0
"73","S97","E7Humus17A",97,"E",0,1,7,"Humus","6/16/17","11/21/18","green","A",17,2.6779,2.9261,0.2482,2.3591,2.1109,0.567,21.17,78.83,"117",488677139,16,30051,32,2,"nothing","Jadraas_org_bags2 gITS7_tag_32_ITS4_tag_32",488360137,4227311,4509132,44809495,408914055,7045518,0,0,1409104,44809495,408914055,7045518,15191246.5,1409104,1409104
"74","S98","TE7Humus17B",98,"TE",0,0,7,"Humus","6/14/18","11/20/19","green","B",17,2.5759,2.8203,0.2444,2.13,1.8856,0.6903,26.8,73.2,"190",1190166072,181,6558,32,3,"nothing","Jadraas_org_bags3 gITS7_tag_32_ITS4_tag_32",1187712723.33333,0,13210722,100276846.833333,889891449.666667,24619984.6666667,0,8404985.83333333,0,91871861,889891449.666667,24619984.6666667,90073114,8404985.83333333,0
"75","S100","TE5Humus5A",100,"TE",0,0,5,"Humus","6/16/17","11/21/17","blue","A",5,2.887,3.202,0.315,3.0187,2.7037,0.1833,6.35,93.65,"28",61730012,13,4861,34,1,"nothing","Jadraas_org_bags1 gITS7_tag_34_ITS4_tag_34",60943103.5,0,430857,626701,56246212.3333333,430857,156675,352519,0,274182,56246212.3333333,430857,2544665.66666667,352519,0
"76","S101","T7Humus17A",101,"T",1,0,7,"Humus","6/16/17","11/21/18","green","A",17,2.6099,2.8599,0.25,3.0165,2.7665,0.1566,-6,106,"118",714194394,42,17090,34,2,"nothing","Jadraas_org_bags2 gITS7_tag_34_ITS4_tag_34",678658278.833333,525916,22088485,8414660.66666667,581367727.333333,34706511.8333333,0,0,0,8414660.66666667,581367727.333333,34706511.8333333,22088485,0,0
"77","S102","TE8Humus17B",102,"TE",0,0,8,"Humus","6/14/18","11/20/19","green","B",17,3.0421,3.2856,0.2435,2.47,2.2265,0.8156,26.81,73.19,"191",802717504,149,5398,34,3,"nothing","Jadraas_org_bags3 gITS7_tag_34_ITS4_tag_34",800037156.5,0,107172979.166667,22308088,579162273.666667,30181194.8333333,0,13560895,0,8747193,579162273.666667,30181194.8333333,31494211.5,13560895,0
"78","S104","C6Humus5A",104,"C",1,1,6,"Humus","6/16/17","11/21/17","blue","A",5,2.876,3.212,0.336,2.8107,2.4747,0.4013,13.95,86.05,"29",53708406,12,4619,35,1,"nothing","Jadraas_org_bags1 gITS7_tag_35_ITS4_tag_35",52903424.8333333,1330263.16666667,1023504,229103.166666667,47994210.1666667,946450.166666667,0,25588,102350,203515.166666667,47994210.1666667,946450.166666667,1098429.16666667,127938,102350
"79","S105","TE7Humus17A",105,"TE",0,0,7,"Humus","6/16/17","11/21/18","green","A",17,2.5759,2.8203,0.2444,2.8936,2.6492,0.0733,-2.85,102.85,"119",633809487,53,11884,35,2,"nothing","Jadraas_org_bags2 gITS7_tag_35_ITS4_tag_35",633356292.5,0,3176990,11516587,586100047.166667,10325217,397124,794247,0,10722340,586100047.166667,10325217,15884658.5,794247,0
"80","S106","E8Humus17B",106,"E",0,1,8,"Humus","6/14/18","11/20/19","green","B",17,2.7884,3.0337,0.2453,2.39,2.1447,0.6437,23.08,76.92,"192",3601133271,106,34041,35,3,"nothing","Jadraas_org_bags3 gITS7_tag_35_ITS4_tag_35",3601093740.83333,1575991405.83333,18603641,140854007.666667,1671663398.83333,42522608,15945978,90358703.1666667,233874338,50495304.5,1671663398.83333,42522608,114279506,324233041.166667,233874338
"81","S108","E6Humus5A",108,"E",0,1,6,"Humus","6/16/17","11/21/17","blue","A",5,2.537,2.872,0.335,2.7399,2.4049,0.1321,5.21,94.79,"31",151424499,12,12133,37,1,"smallholeinbag","Jadraas_org_bags1 gITS7_tag_37_ITS4_tag_37",151282633.833333,246519,1355856,4375719,143148078.166667,739266.166666667,184889,493039,61630,3882680,143148078.166667,739266.166666667,431409,554669,61630
"82","S109","DC8Humus17A",109,"DC",1,0,8,"Humus","6/16/17","11/21/18","green","A",17,2.6949,2.9591,0.2642,2.6893,2.4251,0.2698,10.01,89.99,"121",509779709,28,18365,37,2,"nothing","Jadraas_org_bags2 gITS7_tag_37_ITS4_tag_37",506067568.833333,0,3423254,10269763,478399289.166667,4278172.33333333,0,0,0,10269763,478399289.166667,4278172.33333333,6561239,0,0
"83","S110","T7Humus17B",110,"T",1,0,7,"Humus","6/14/18","11/20/19","green","B",17,2.6099,2.8599,0.25,2.19,1.94,0.6699,25.67,74.33,"193",2298502913,120,19200,37,3,"nothing","Jadraas_org_bags3 gITS7_tag_37_ITS4_tag_37",2171042620.5,0,426757287.166667,54900912.6666667,1392405427.83333,126030832,61143671,11228699.5,0,43672213.1666667,1392405427.83333,126030832,67378852.8333333,11228699.5,0
"84","S112","T6Humus5A",112,"T",1,0,6,"Humus","6/16/17","11/21/17","blue","A",5,2.925,3.238,0.313,3.0167,2.7037,0.2213,7.57,92.43,"32",196463263,26,7453,38,1,"nothing","Jadraas_org_bags1 gITS7_tag_38_ITS4_tag_38",195104412.666667,0,1935258.5,1685928.83333333,188864682.5,656440,375109,562663,0,1123265.83333333,188864682.5,656440,935038.833333333,562663,0
"85","S113","E8Humus17A",113,"E",0,1,8,"Humus","6/16/17","11/21/18","green","A",17,2.7884,3.0337,0.2453,2.4126,2.1673,0.6211,22.27,77.73,"122",557684408,32,17597,38,2,"smallholeinbag","Jadraas_org_bags2 gITS7_tag_38_ITS4_tag_38",557305638,7869825,6081228,13951053,506882527.833333,10728282.8333333,3216177.83333333,0,2861755,13951053,506882527.833333,10728282.8333333,3577193,2861755,1073158
"86","S114","C7Humus17B",114,"C",1,1,7,"Humus","6/14/18","11/20/19","green","B",17,2.5861,2.8454,0.2593,2.16,1.9007,0.6854,26.5,73.5,"194",2113438351,80,26441,38,3,"nothing","Jadraas_org_bags3 gITS7_tag_38_ITS4_tag_38",2045736274,208851853,64079254.5,23733164,1434616756.66667,168505472,141212332,1186658,28479798,22546506,1434616756.66667,168505472,125778422.666667,29666456,14239899
"87","S116","TE6Humus5A",116,"TE",0,0,6,"Humus","6/16/17","11/21/17","blue","A",5,2.611,2.943,0.332,2.7883,2.4563,0.1547,5.92,94.08,"33",85235942,15,5693,39,1,"nothing","Jadraas_org_bags1 gITS7_tag_39_ITS4_tag_39",85048009.8333333,36835,191604.666666667,1923701.33333333,78262314.3333333,1989083.66666667,0,120560,36835,1803141.33333333,78262314.3333333,1989083.66666667,1986954.33333333,157395,36835
"88","S117","T8Humus17A",117,"T",1,0,8,"Humus","6/16/17","11/21/18","green","A",17,3.0817,3.3329,0.2512,2.64323,2.39203,0.68967,22.38,77.62,"123",764967703,44,17570,39,2,"nothing","Jadraas_org_bags2 gITS7_tag_39_ITS4_tag_39",741162927.5,0,6088745,10516920,523078495,2213796.5,0,553522,0,9963398,523078495,2213796.5,63101532.6666667,553522,0
"89","S118","TE1Humus17B",118,"TE",0,0,1,"Humus","6/14/18","11/20/19","green","B",17,3.086,3.348,0.262,2.56,2.298,0.788,25.53,74.47,"195",2916050033,164,17812,39,3,"nothing","Jadraas_org_bags3 gITS7_tag_39_ITS4_tag_39",2911259514.33333,0,20624945,188796997.166667,2235424088.83333,28554008.6666667,1586534,120576023.166667,0,68220974,2235424088.83333,28554008.6666667,304613279.666667,120576023.166667,0
"90","S124","C7Humus5A",124,"C",1,1,7,"Humus","6/16/17","11/21/17","blue","A",5,2.672,3.003,0.331,2.8526,2.5216,0.1504,5.63,94.37,"34",11820925,7,1654,41,1,"nothing","Jadraas_org_bags1 gITS7_tag_41_ITS4_tag_41",11229160.5,10722,208786.5,64332,9755185.33333333,1088276,793423,0,10722,64332,9755185.33333333,1088276,69692.6666666667,10722,0
"91","S125","TE8Humus17A",125,"TE",0,0,8,"Humus","6/16/17","11/21/18","green","A",17,3.0421,3.2856,0.2435,2.8047,2.5612,0.4809,15.81,84.19,"124",326135030,26,12721,41,2,"nothing","Jadraas_org_bags2 gITS7_tag_41_ITS4_tag_41",325679529.5,218151,8726021,436302,298414381.833333,10253076,218151,0,0,436302,298414381.833333,10253076,1308904,0,0
"92","S126","E3Humus17B",126,"E",0,1,3,"Humus","6/14/18","11/20/19","green","B",17,2.5661,2.8194,0.2533,2.23,1.9767,0.5894,22.97,77.03,"196",3146333018,132,23908,41,3,"nothing","Jadraas_org_bags3 gITS7_tag_41_ITS4_tag_41",3141684949.16667,665293637.166667,16170581,25410621.1666667,2171471879,71605018.5,0,6930249,575210662,18480372.1666667,2171471879,71605018.5,154773722.166667,582140911,575210662
"93","S128","DC7Humus5A",128,"DC",1,0,7,"Humus","6/16/17","11/21/17","blue","A",5,2.7,3.019,0.319,2.8526,2.5336,0.1664,6.16,93.84,"35",145114150,14,10075,42,1,"nothing","Jadraas_org_bags1 gITS7_tag_42_ITS4_tag_42",143918052.166667,0,15140215.6666667,3988543.66666667,109057438,8061897,560827,70103,0,3918440.66666667,109057438,8061897,2663931,70103,0
"94","S130","DC8Humus17B",130,"DC",1,0,8,"Humus","6/14/18","11/20/19","green","B",17,2.6949,2.9591,0.2642,2.35,2.0858,0.6091,22.6,77.4,"197",5079057911,78,65055,42,3,"nothing","Jadraas_org_bags3 gITS7_tag_42_ITS4_tag_42",5004498240.33333,470973349,33882974,118588572.166667,4109995846,57596552.8333333,3388297,10164892,0,108423680.166667,4109995846,57596552.8333333,166026575,10164892,0
"95","S132","E7Humus5A",132,"E",0,1,7,"Humus","6/16/17","11/21/17","blue","A",5,2.814,3.167,0.353,3.0136,2.6606,0.1534,5.45,94.55,"36",228664867,12,18484,44,1,"nothing","Jadraas_org_bags1 gITS7_tag_44_ITS4_tag_44",228243387.833333,1289091,2479021,396644,212972620.833333,6147971,297482,198322,793287,198322,212972620.833333,6147971,2677342,991609,793287
"96","S134","T7Humus5A",134,"T",1,0,7,"Humus","6/16/17","11/21/17","blue","A",5,2.907,3.273,0.366,2.8841,2.5181,0.3889,13.38,86.62,"37",89168837,9,9510,45,1,"nothing","Jadraas_org_bags1 gITS7_tag_45_ITS4_tag_45",86987341.3333333,0,2062729,766156,80563415.6666667,2475274.66666667,58935,58935,0,707221,80563415.6666667,2475274.66666667,589351,58935,0
"97","S136","T2Humus17B",136,"T",1,0,2,"Humus","6/14/18","11/20/19","green","B",17,2.8476,3.1148,0.2672,2.45,2.1828,0.6648,23.35,76.65,"198",2490791061,123,20295,45,3,"nothing","Jadraas_org_bags3 gITS7_tag_45_ITS4_tag_45",2412397616.16667,0,164395742.166667,95576715,1850402470,22937143.1666667,0,32496306.6666667,0,63080408.3333333,1850402470,22937143.1666667,227477940.5,32496306.6666667,0
"98","S138","TE7Humus5A",138,"TE",0,0,7,"Humus","6/16/17","11/21/17","blue","A",5,2.702,3.073,0.371,3.0876,2.7166,0.0146,-0.54,100.54,"38",534474144,23,23113,46,1,"nothing","Jadraas_org_bags1 gITS7_tag_46_ITS4_tag_46",534461997.333333,0,246870,18509757.5,471021850.166667,31846266,1481222,1481221,0,17028536.5,471021850.166667,31846266,5924887,1481221,0
"99","S140","T8Humus17B",140,"T",1,0,8,"Humus","6/14/18","11/20/19","green","B",17,3.0817,3.3329,0.2512,2.55,2.2988,0.7829,25.4,74.6,"199",2102609459,117,18042,46,3,"nothing","Jadraas_org_bags3 gITS7_tag_46_ITS4_tag_46",2032943544.16667,0,259181443,55074217.8333333,1129054320.16667,12959072,3239768,4857814.16666667,0,50216403.6666667,1129054320.16667,12959072,281859820,4857814.16666667,0
"100","S142","C8Humus5A",142,"C",1,1,8,"Humus","6/16/17","11/21/17","blue","A",5,2.67,3,0.33,2.8661,2.5361,0.1339,5.01,94.99,"39",98983626,7,13518,47,1,"nothing","Jadraas_org_bags1 gITS7_tag_47_ITS4_tag_47",97938494.8333333,6239088,891299,395841.5,82245234.3333333,4060360,495166,49517,5001174,346324.5,82245234.3333333,4060360,3416644,5050691,4902141
"101","S144","DC7Humus17B",144,"DC",1,0,7,"Humus","6/14/18","11/20/19","green","B",17,2.956,3.2075,0.2515,2.56,2.3085,0.6475,21.9,78.1,"200",1262474706,100,12625,47,3,"nothing","Jadraas_org_bags3 gITS7_tag_47_ITS4_tag_47",1212318971.5,0,318174596.333333,70590705.6666667,725354282.166667,12272397.8333333,0,5115376,0,65475329.6666667,725354282.166667,12272397.8333333,46038088.5,5115376,0
"102","S146","DC8Humus5A",146,"DC",1,0,8,"Humus","6/16/17","11/21/17","blue","A",5,2.878,3.247,0.369,2.5653,2.1963,0.6817,23.69,76.31,"40",40873230,13,3191,48,1,"nothing","Jadraas_org_bags1 gITS7_tag_48_ITS4_tag_48",40301616,52762,123112,1705980,36890241,281106.5,0,17587,0,1688393,36890241,281106.5,984606.5,17587,0
"103","S148","DC5Humus17B",148,"DC",1,0,5,"Humus","6/14/18","11/20/19","green","B",17,2.9842,3.2324,0.2482,2.59,2.3418,0.6424,21.53,78.47,"201",3938324402,106,36991,48,3,"nothing","Jadraas_org_bags3 gITS7_tag_48_ITS4_tag_48",3882437781.83333,954818036.666667,68027812,121477654.166667,2519458611,65597664.3333333,0,43732165,0,77745489.1666667,2519458611,65597664.3333333,99610847.6666667,43732165,0
"104","S150","E8Humus5A",150,"E",0,1,8,"Humus","6/16/17","11/21/17","blue","A",5,2.94,3.285,0.345,2.92,2.575,0.365,12.41,87.59,"41",140254216,12,11927,49,1,"nothing","Jadraas_org_bags1 gITS7_tag_49_ITS4_tag_49",139965514.666667,5149521,608580,7957767,118994398,4868637,1544856,4400499,2340691,3557268,118994398,4868637,1310788,6741190,2340691
"105","S152","C2Humus17B",152,"C",1,1,2,"Humus","6/14/18","11/20/19","green","B",17,2.7677,3.0316,0.2639,2.41,2.1461,0.6216,22.46,77.54,"202",5494230831,120,45921,49,3,"nothing","Jadraas_org_bags3 gITS7_tag_49_ITS4_tag_49",4920651327,1957946740.66667,456582442.166667,55796704,1755308728.5,248584775,228292140,0,228292139,55796704,1755308728.5,248584775,299314300.833333,228292139,228292139
"106","S154","T8Humus5A",154,"T",1,0,8,"Humus","6/16/17","11/21/17","blue","A",5,2.826,3.139,0.313,2.9485,2.6355,0.1905,6.74,93.26,"42",95707295,10,9238,50,1,"nothing","Jadraas_org_bags1 gITS7_tag_50_ITS4_tag_50",94657127.6666667,0,1505071.66666667,1875776,88170390.1666667,1177501,0,1687376,0,188400,88170390.1666667,1177501,1316963.16666667,1687376,0
"107","S156","TE3Humus17B",156,"TE",0,0,3,"Humus","6/14/18","11/20/19","green","B",17,2.9582,3.2023,0.2441,2.44,2.1959,0.7623,25.77,74.23,"203",1097188363,189,5791,50,3,"nothing","Jadraas_org_bags3 gITS7_tag_50_ITS4_tag_50",1095246234.5,0,14298719,16173432.3333333,859827546.833333,11438975,0,4757993.33333333,0,11415439,859827546.833333,11438975,142987189,4757993.33333333,0
"108","S158","TE8Humus5A",158,"TE",0,0,8,"Humus","6/16/17","11/21/17","blue","A",5,2.833,3.209,0.376,3.0121,2.6361,0.1969,6.95,93.05,"43",1030543833,15,69134,51,1,"nothing","Jadraas_org_bags1 gITS7_tag_51_ITS4_tag_51",1030043390.66667,0,26676203,9799459.83333333,960809825.333333,13103517.1666667,468004,4210194.83333333,0,5589265,960809825.333333,13103517.1666667,9826305.33333333,4210194.83333333,0
"109","S160","E7Humus17B",160,"E",0,1,7,"Humus","6/14/18","11/20/19","green","B",17,2.6779,2.9261,0.2482,1.92,1.6718,1.0061,37.57,62.43,"204",6012930917,184,32731,51,3,"nothing","Jadraas_org_bags3 gITS7_tag_51_ITS4_tag_51",5997713523.33333,1445123387.16667,156639376,277908571,3663285716.66667,50528538.1666667,15158357.5,30317298,85897827.1666667,247591273,3663285716.66667,50528538.1666667,303172987,116215125.166667,60633411.1666667
"110","S164","DC3Humus17B",164,"DC",1,0,3,"Humus","6/14/18","11/20/19","green","B",17,2.5877,2.8515,0.2638,1.91,1.6462,0.9415,36.38,63.62,"205",1461163448,106,13795,52,3,"nothing","Jadraas_org_bags3 gITS7_tag_52_ITS4_tag_52",1452401451.33333,220175314,26270918,95074223.8333333,866939402.666667,22517929,0,17513049.6666667,0,77561174.1666667,866939402.666667,22517929,198907796.666667,17513049.6666667,0
"111","S168","DC4Humus5B",168,"DC",1,0,4,"Humus","6/14/18","11/15/18","blue","B",5,2.81,3.0908,0.2808,2.4738,2.193,0.617,21.96,78.04,"206",12254821,4,3081,53,3,"nothing","Jadraas_org_bags3 gITS7_tag_53_ITS4_tag_53",11988105.8333333,393768,92073.8333333333,363116.833333333,10765894.5,124853,0,0,0,363116.833333333,10765894.5,124853,134457,0,0
"112","S172","TE8Humus5B",172,"TE",0,0,8,"Humus","6/14/18","11/15/18","blue","B",5,2.9216,3.1626,0.241,2.7831,2.5421,0.3795,12.99,87.01,"207",42589474,8,5520,54,3,"nothing","Jadraas_org_bags3 gITS7_tag_54_ITS4_tag_54",42048290.6666667,0,317487.833333333,145674.666666667,40146778.1666667,254115.833333333,29960.8333333333,0,0,145674.666666667,40146778.1666667,254115.833333333,320221,0,0
"113","S176","T6Humus5B",176,"T",1,0,6,"Humus","6/14/18","11/15/18","blue","B",5,2.8608,3.1138,0.253,2.7345,2.4815,0.3793,13.26,86.74,"208",172383911,14,12619,56,3,"nothing","Jadraas_org_bags3 gITS7_tag_56_ITS4_tag_56",170048710.666667,0,4834752.66666667,1000294,159545624.333333,333432,0,333431,0,666863,159545624.333333,333432,1667156,333431,0
"114","S180","TE4Humus5B",180,"TE",0,0,4,"Humus","6/14/18","11/15/18","blue","B",5,2.5082,2.7516,0.2434,2.4693,2.2259,0.2823,11.26,88.74,"209",44879869,11,3919,57,3,"nothing","Jadraas_org_bags3 gITS7_tag_57_ITS4_tag_57",43935649.8333333,78944,0,472769.166666667,42366851.8333333,197360,39472,0,78944,472769.166666667,42366851.8333333,197360,308425.666666667,78944,78944
"115","S184","TE7Humus5B",184,"TE",0,0,7,"Humus","6/14/18","11/15/18","blue","B",5,2.6264,2.881,0.2546,2.58953,2.33493,0.29147,11.1,88.9,"210",10986319,3,3396,58,3,"nothing","Jadraas_org_bags3 gITS7_tag_58_ITS4_tag_58",10817439.8333333,0,0,228411.666666667,8701347.16666667,1613969,0,0,0,228411.666666667,8701347.16666667,1613969,198206,0,0
"116","S188","T5Humus5B",188,"T",1,0,5,"Humus","6/14/18","11/15/18","blue","B",5,2.69,2.9408,0.2508,2.6321,2.3813,0.3087,11.48,88.52,"211",281587290,17,16308,60,3,"nothing","Jadraas_org_bags3 gITS7_tag_60_ITS4_tag_60",278096120.833333,0,1813093,1115749,269588818.666667,836812.666666667,0,278937,0,836812,269588818.666667,836812.666666667,1115749,278937,0
"117","S194","DC7Humus5B",194,"DC",1,0,7,"Humus","6/14/18","11/15/18","blue","B",5,2.6884,2.9381,0.2497,2.6589,2.4092,0.2792,10.39,89.61,"212",42656799,7,6505,63,3,"nothing","Jadraas_org_bags3 gITS7_tag_63_ITS4_tag_63",41750507.3333333,0,324559.666666667,525699,38850836.6666667,500083.166666667,25033,0,0,525699,38850836.6666667,500083.166666667,600800,0,0
"118","S198","TE1Humus5B",198,"TE",0,0,1,"Humus","6/14/18","11/15/18","blue","B",5,2.9022,3.1613,0.2591,2.8051,2.546,0.3562,12.27,87.73,"213",266509360,19,14195,65,3,"nothing","Jadraas_org_bags3 gITS7_tag_65_ITS4_tag_65",263663965.833333,0,156955,11926441.6666667,242016290.333333,627820,0,2040414,0,9886027.66666667,242016290.333333,627820,4708646,2040414,0
"119","S206","C5Humus5B",206,"C",1,1,5,"Humus","6/14/18","11/15/18","blue","B",5,3.0137,3.259,0.2453,2.6633,2.418,0.5957,19.77,80.23,"215",31481260,5,6077,67,3,"nothing","Jadraas_org_bags3 gITS7_tag_67_ITS4_tag_67",31015240.5,85819,171638,371589.166666667,29678345.8333333,255619.166666667,71516,0,0,371589.166666667,29678345.8333333,255619.166666667,71515,0,0
"120","S210","DC8Humus5B",210,"DC",1,0,8,"Humus","6/14/18","11/15/18","blue","B",5,2.9419,3.1975,0.2556,2.8999,2.6443,0.2976,10.12,89.88,"216",272930382,10,26568,68,3,"nothing","Jadraas_org_bags3 gITS7_tag_68_ITS4_tag_68",271765337.666667,128136,128136,1150222,259474230.166667,8712686.66666667,0,384409,128136,765813,259474230.166667,8712686.66666667,1025089.66666667,512545,128136
"121","S214","E8Humus5B",214,"E",0,1,8,"Humus","6/14/18","11/15/18","blue","B",5,2.6269,2.865,0.2381,2.5916,2.3535,0.2734,10.41,89.59,"217",295821100,15,19390,69,3,"nothing","Jadraas_org_bags3 gITS7_tag_69_ITS4_tag_69",294062645,0,729702,3356628,284724234.5,3940389,0,0,0,3356628,284724234.5,3940389,291881,0,0
"122","S218","TE3Humus5B",218,"TE",0,0,3,"Humus","6/14/18","11/15/18","blue","B",5,2.7792,3.0304,0.2512,2.6583,2.4071,0.3721,13.39,86.61,"218",343587746,16,20932,70,3,"nothing","Jadraas_org_bags3 gITS7_tag_70_ITS4_tag_70",340848311.833333,0,317110,2060025.16666667,329129761.166667,2852144.16666667,0,634218,0,1425807.16666667,329129761.166667,2852144.16666667,789547,634218,0
"123","S222","DC5Humus5B",222,"DC",1,0,5,"Humus","6/14/18","11/15/18","blue","B",5,3.0167,3.2579,0.2412,2.9675,2.7263,0.2904,9.63,90.37,"219",100926937,8,12862,71,3,"nothing","Jadraas_org_bags3 gITS7_tag_71_ITS4_tag_71",99802107.1666667,0,109823,494202,98046715.8333333,604025,0,0,0,494202,98046715.8333333,604025,219645,0,0
"124","S226","DC6Humus5B",226,"DC",1,0,6,"Humus","6/14/18","11/15/18","blue","B",5,2.9791,3.215,0.2359,2.8687,2.6328,0.3463,11.62,88.38,"220",151737622,11,13428,72,3,"nothing","Jadraas_org_bags3 gITS7_tag_72_ITS4_tag_72",149105846.333333,0,2801696.5,1927383,140260347.833333,438041,0,0,0,1927383,140260347.833333,438041,2276650.33333333,0,0
"125","S230","DC3Humus5B",230,"DC",1,0,3,"Humus","6/14/18","11/15/18","blue","B",5,2.7503,3.0185,0.2682,2.7382,2.47,0.2803,10.19,89.81,"221",74288881,8,9823,73,3,"nothing","Jadraas_org_bags3 gITS7_tag_73_ITS4_tag_73",73687056.1666667,59670,238679,775126.166666667,70230753.1666667,831702.333333333,0,358019,59670,417107.166666667,70230753.1666667,831702.333333333,536736.5,417689,59670
"126","S234","C6Humus5B",234,"C",1,1,6,"Humus","6/14/18","11/15/18","blue","B",5,2.8841,3.126,0.2419,2.5528,2.3109,0.5732,19.87,80.13,"222",73696926,7,11165,74,3,"nothing","Jadraas_org_bags3 gITS7_tag_74_ITS4_tag_74",72827070,545690,172324,899876.666666667,69176112.8333333,1056856,0,0,57441,899876.666666667,69176112.8333333,1056856,545691,57441,57441
"127","S238","E7Humus5B",238,"E",0,1,7,"Humus","6/14/18","11/15/18","blue","B",5,2.7317,2.9888,0.2571,2.6489,2.3918,0.3399,12.44,87.56,"223",534217584,23,23569,75,3,"nothing","Jadraas_org_bags3 gITS7_tag_75_ITS4_tag_75",530166896.333333,1052645,876913.166666667,1754409.66666667,509827690,13508951,0,175441,1052645,1578968.66666667,509827690,13508951,1403527,1228086,1052645
"128","S244","TE5Humus5B",244,"TE",0,0,5,"Humus","6/14/18","11/15/18","blue","B",5,3.0329,3.2991,0.2662,2.9417,2.6755,0.3574,11.78,88.22,"224",120360430,14,8699,77,3,"nothing","Jadraas_org_bags3 gITS7_tag_77_ITS4_tag_77",118619136.833333,0,130497,1825102.16666667,115090816.166667,391488,0,130496,0,1694606.16666667,115090816.166667,391488,521691.5,130496,0
"129","S248","E6Humus5B",248,"E",0,1,6,"Humus","6/14/18","11/15/18","blue","B",5,2.8466,3.0951,0.2485,2.7595,2.511,0.3356,11.79,88.21,"225",71093168,6,11177,78,3,"nothing","Jadraas_org_bags3 gITS7_tag_78_ITS4_tag_78",70483065.5,28923,1212935.16666667,433846.666666667,67448846,432973.666666667,0,57846,0,376000.666666667,67448846,432973.666666667,347079,57846,0
"130","S252","E2Humus5B",252,"E",0,1,2,"Humus","6/14/18","11/15/18","blue","B",5,2.5319,2.7782,0.2463,2.3177,2.0714,0.4605,18.19,81.81,"226",58888882,6,9692,79,3,"nothing","Jadraas_org_bags3 gITS7_tag_79_ITS4_tag_79",58413675.8333333,198949,74606,820665,56327418,273556,49738,0,124343,820665,56327418,273556,74607,124343,0
"131","S260","T7Humus5B",260,"T",1,0,7,"Humus","6/14/18","11/15/18","blue","B",5,2.5503,2.795,0.2447,2.5102,2.2655,0.2848,11.17,88.83,"228",273630991,13,20935,81,3,"nothing","Jadraas_org_bags3 gITS7_tag_81_ITS4_tag_81",268834157.833333,0,8788149,498743.166666667,222699674.666667,33554749,299596,99865,0,398878.166666667,222699674.666667,33554749,798922,99865,0
"132","S264","E1Humus5B",264,"E",0,1,1,"Humus","6/14/18","11/15/18","blue","B",5,3.0308,3.2977,0.2669,2.9459,2.679,0.3518,11.61,88.39,"229",269692357,11,24385,82,3,"nothing","Jadraas_org_bags3 gITS7_tag_82_ITS4_tag_82",268387880,93029,2232707,2603928.66666667,258527659.333333,3442089,0,930294,93029,1673634.66666667,258527659.333333,3442089,0,1023323,93029
"133","S268","C7Humus5B",268,"C",1,1,7,"Humus","6/14/18","11/15/18","blue","B",5,2.712,2.9671,0.2551,2.6987,2.4436,0.2684,9.9,90.1,"230",40939894,4,11634,83,3,"nothing","Jadraas_org_bags3 gITS7_tag_83_ITS4_tag_83",40308018.3333333,22286,88853.5,222280.166666667,36677418.8333333,2451490,445725,0,22286,222280.166666667,36677418.8333333,2451490,646010.166666667,22286,22286
"134","S272","C3Humus5B",272,"C",1,1,3,"Humus","6/14/18","11/15/18","blue","B",5,2.8371,3.1245,0.2874,2.8552,2.5678,0.2693,9.49,90.51,"231",144695669,9,16675,84,3,"nothing","Jadraas_org_bags3 gITS7_tag_84_ITS4_tag_84",142423915.5,55291,2488080,771940.333333333,130705294.166667,5363197,165873,0,0,771940.333333333,130705294.166667,5363197,1492846.66666667,0,0
"135","S276","T2Humus5B",276,"T",1,0,2,"Humus","6/14/18","11/15/18","blue","B",5,2.982,3.2507,0.2687,2.9456,2.6769,0.3051,10.23,89.77,"232",229876086,13,17384,85,3,"nothing","Jadraas_org_bags3 gITS7_tag_85_ITS4_tag_85",223998757.5,87605,608712.166666667,438025,218311301.666667,1314078,0,0,87605,438025,218311301.666667,1314078,1839709,87605,87605
"136","S279","C1Humus5B",279,"C",1,1,1,"Humus","6/14/18","11/15/18","blue","B",5,2.7687,3.0283,0.2596,2.5208,2.2612,0.5075,18.33,81.67,"233",107828328,8,13590,86,3,"nothing","Jadraas_org_bags3 gITS7_tag_86_ITS4_tag_86",106828988.5,232765,698294.666666667,4189767,99738852.3333333,698295,58191,232765,58191,3957002,99738852.3333333,698295,287728,290956,58191
"137","S282","C4Humus5B",282,"C",1,1,4,"Humus","6/14/18","11/15/18","blue","B",5,2.5053,2.777,0.2717,2.497,2.2253,0.28,11.18,88.82,"234",33620578,4,7970,87,3,"nothing","Jadraas_org_bags3 gITS7_tag_87_ITS4_tag_87",33118733.5,45048,269994.5,481178.666666667,30164793.6666667,1318664.83333333,30032,12684.3333333333,15016,468494.333333333,30164793.6666667,1318664.83333333,375398,27700.3333333333,15016
"138","S285","T8Humus5B",285,"T",1,0,8,"Humus","6/14/18","11/15/18","blue","B",5,2.8845,3.1371,0.2526,2.8252,2.5726,0.3119,10.81,89.19,"235",42337779,7,5906,88,3,"nothing","Jadraas_org_bags3 gITS7_tag_88_ITS4_tag_88",37894672.3333333,0,669295.666666667,343628.166666667,33174955.3333333,1548942.66666667,0,19123,0,324505.166666667,33174955.3333333,1548942.66666667,1281225,19123,0
"139","S288","E3Humus5B",288,"E",0,1,3,"Humus","6/14/18","11/15/18","blue","B",5,2.5031,2.7738,0.2707,2.5121,2.2414,0.2617,10.46,89.54,"236",72133301,9,7657,89,3,"nothing","Jadraas_org_bags3 gITS7_tag_89_ITS4_tag_89",71803558.6666667,952779,119097,628844,65501709.1666667,1746762,0,39699,913080,589145,65501709.1666667,1746762,1466736.66666667,952779,913080
"140","S291","C2Humus5B",291,"C",1,1,2,"Humus","6/14/18","11/15/18","blue","B",5,2.8206,3.0944,0.2738,2.3695,2.0957,0.7249,25.7,74.3,"237",2745458,2,1295,90,3,"nothing","Jadraas_org_bags3 gITS7_tag_90_ITS4_tag_90",2686471.16666667,9411,16133,5378,2581136.5,20166,1344,0,4033,5378,2581136.5,20166,33319.5,4033,4033
"141","S294","TE2Humus5B",294,"TE",0,0,2,"Humus","6/14/18","11/15/18","blue","B",5,2.9999,3.2506,0.2507,2.9058,2.6551,0.3448,11.49,88.51,"238",1007486420,21,48880,91,3,"nothing","Jadraas_org_bags3 gITS7_tag_91_ITS4_tag_91",1005969815.83333,0,0,1513311,984786764,10589877.8333333,0,0,0,1513311,984786764,10589877.8333333,5296586,0,0
"142","S298","T1Humus5B",298,"T",1,0,1,"Humus","6/14/18","11/15/18","blue","B",5,2.8194,3.0737,0.2543,2.7344,2.4801,0.3393,12.03,87.97,"239",404804798,20,20330,93,3,"nothing","Jadraas_org_bags3 gITS7_tag_93_ITS4_tag_93",393808124.166667,0,3059592.5,1259952,378882095.333333,1079959,0,0,0,1259952,378882095.333333,1079959,4138948.66666667,0,0
"143","S301","TE6Humus5B",301,"TE",0,0,6,"Humus","6/14/18","11/15/18","blue","B",5,2.8588,3.1064,0.2476,2.7395,2.4919,0.3669,12.83,87.17,"240",278409079,21,13268,94,3,"nothing","Jadraas_org_bags3 gITS7_tag_94_ITS4_tag_94",274922885.833333,0,517489,9831998.16666667,253190481.5,2242452,0,1034978,0,8797020.16666667,253190481.5,2242452,2932438,1034978,0
"144","S304","C8Humus5B",304,"C",1,1,8,"Humus","6/14/18","11/15/18","blue","B",5,2.7956,3.0556,0.26,2.772,2.512,0.2836,10.14,89.86,"241",45524859,5,9598,95,3,"nothing","Jadraas_org_bags3 gITS7_tag_95_ITS4_tag_95",45162710.8333333,99096,39639,257649,43206005,930610.666666667,0,39639,99096,218010,43206005,930610.666666667,297288,138735,99096
"145","S307","C1Humus17A",307,"C",1,1,1,"Humus","6/16/17","11/21/18","green","A",17,3.301,3.5618,0.2608,2.864,2.6032,0.6978,21.14,78.86,"86",1390835605,32,43734,97,1,"nothing","Jadraas_org_bags1 gITS7_tag_97_ITS4_tag_97",1389884217.16667,942940,6600575,9429394,1331897925.83333,28288182,0,942939,471470,8486455,1331897925.83333,28288182,4714696,1414409,0
"146","S308","T3Humus5B",308,"T",1,0,3,"Humus","6/14/18","11/15/18","blue","B",5,2.9981,3.2598,0.2617,2.9246,2.6629,0.3352,11.18,88.82,"242",143212393,9,15381,97,3,"nothing","Jadraas_org_bags3 gITS7_tag_97_ITS4_tag_97",141630413,0,435166.166666667,1622864.5,133458299.5,3308742,0,249716,0,1373148.5,133458299.5,3308742,560024.166666667,249716,0
"147","S310","T4Humus5B",310,"T",1,0,4,"Humus","6/14/18","11/15/18","blue","B",5,2.6333,2.9304,0.2971,2.6497,2.3526,0.2807,10.66,89.34,"243",106036276,8,13704,98,3,"nothing","Jadraas_org_bags3 gITS7_tag_98_ITS4_tag_98",104864725.333333,0,1615449,1660030.5,98493546.5,1525703,134621,0,0,1660030.5,98493546.5,1525703,224368,0,0
"148","S312","DC1Humus5B",312,"DC",1,0,1,"Humus","6/14/18","11/15/18","blue","B",5,3.0923,3.3456,0.2533,2.9995,2.7462,0.3461,11.19,88.81,"244",29078085,5,6427,99,3,"nothing","Jadraas_org_bags3 gITS7_tag_99_ITS4_tag_99",28457645.5,0,201173.5,384302.166666667,27023450.1666667,382844.833333333,167887,16789,0,367513.166666667,27023450.1666667,382844.833333333,151098.666666667,16789,0
"149","S314","E5Humus5B",314,"E",0,1,5,"Humus","6/14/18","11/15/18","blue","B",5,2.5146,2.7732,0.2586,2.4469,2.1883,0.3263,12.98,87.02,"245",41904180,6,6997,100,3,"nothing","Jadraas_org_bags3 gITS7_tag_100_ITS4_tag_100",41599879.8333333,75469,75177.5,528283,39638271.1666667,528283,18867,0,0,528283,39638271.1666667,528283,264142,0,0
"150","S316","DC2Humus5B",316,"DC",1,0,2,"Humus","6/14/18","11/15/18","blue","B",5,3.0921,3.3745,0.2824,2.6464,2.364,0.7281,23.55,76.45,"246",255492539,21,12164,101,3,"nothing","Jadraas_org_bags3 gITS7_tag_101_ITS4_tag_101",250067526.166667,0,6965100.66666667,4432337,220317475.833333,3163290,842485.333333333,422127,0,4010210,220317475.833333,3163290,11818107.6666667,422127,0
"151","S320","DC1Humus17A",320,"DC",1,0,1,"Humus","6/16/17","11/21/18","green","A",17,2.7885,3.043,0.2545,2.7855,2.531,0.2575,9.23,90.77,"87",132803541,19,7140,105,1,"nothing","Jadraas_org_bags1 gITS7_tag_105_ITS4_tag_105",130219210.333333,0,1704394,894016.666666667,114507401.666667,9635039,7965430,0,0,894016.666666667,114507401.666667,9635039,2852250,0,0
"152","S321","TE6Humus17A",321,"TE",0,0,6,"Humus","6/16/17","11/21/18","green","A",17,2.5503,2.8119,0.2616,2.8878,2.6262,0.0759,-2.98,102.98,"114",453156587,59,7739,105,2,"nothing","Jadraas_org_bags2 gITS7_tag_105_ITS4_tag_105",452743323.666667,205606,2055480.16666667,8635469,395997412.166667,26112016.6666667,205606,1233638,205606,7401831,395997412.166667,26112016.6666667,10896557.1666667,1439244,205606
"153","S324","E1Humus17A",324,"E",0,1,1,"Humus","6/16/17","11/21/18","green","A",17,2.7681,3.0329,0.2648,2.4009,2.1361,0.632,22.83,77.17,"88",576381405,24,24327,106,1,"orange","Jadraas_org_bags1 gITS7_tag_106_ITS4_tag_106",575111362.666667,9964305.83333333,2805629,8767591,534814216.5,10871812,0,0,0,8767591,534814216.5,10871812,3855903.16666667,0,0
"154","S327","T1Humus17A",327,"T",1,0,1,"Humus","6/16/17","11/21/18","green","A",17,2.8266,3.0904,0.2638,2.7678,2.504,0.3226,11.41,88.59,"89",347768216,67,5227,107,1,"nothing","Jadraas_org_bags1 gITS7_tag_107_ITS4_tag_107",343390802.833333,0,6034884,9249838,312695623.5,1540473.33333333,128470,3083279,0,6166559,312695623.5,1540473.33333333,9378308,3083279,0
"155","S328","C8Humus17A",328,"C",1,1,8,"Humus","6/16/17","11/21/18","green","A",17,2.5202,2.7832,0.263,2.7209,2.4579,0.0623,2.47,97.53,"120",827124400,42,19648,107,2,"nothing","Jadraas_org_bags2 gITS7_tag_107_ITS4_tag_107",780705537.333333,46789886,9810782,4526215.16666667,657697006.333333,37733777.6666667,15470848.6666667,1132013,42639170,3394202.16666667,657697006.333333,37733777.6666667,22262637.5,43771183,41884494
"156","S330","TE1Humus17A",330,"TE",0,0,1,"Humus","6/16/17","11/21/18","green","A",17,3.086,3.348,0.262,2.9179,2.6559,0.4301,13.94,86.06,"90",267872473,30,8874,108,1,"nothing","Jadraas_org_bags1 gITS7_tag_108_ITS4_tag_108",267863787.333333,0,4145699,15076021,224283111,6115968.16666667,655479,218493,0,14857528,224283111,6115968.16666667,11251205.1666667,218493,0
"157","S337","C5Humus5A",337,"C",1,1,5,"Humus","6/16/17","11/21/17","blue","A",5,2.575,2.883,0.308,2.5717,2.2637,0.3113,12.09,87.91,"24",45847985,11,4073,113,1,"nothing","Jadraas_org_bags1 gITS7_tag_113_ITS4_tag_113",45441537,482197,1527791,870983,39522585.1666667,1442119,114227,28556,14278,842427,39522585.1666667,1442119,399796,42834,14278
"158","S338","DC6Humus5A",338,"DC",1,0,6,"Humus","6/16/17","11/21/17","blue","A",5,2.756,3.102,0.346,2.4978,2.1518,0.6042,21.92,78.08,"30",101834622,22,4673,114,1,"nothing","Jadraas_org_bags1 gITS7_tag_114_ITS4_tag_114",101039239,1724356,2114776,15258924.6666667,77270679.6666667,618165,0,0,0,15258924.6666667,77270679.6666667,618165,2212090.5,0,0
"159","S339","E4Humus5B",339,"E",0,1,4,"Humus","6/14/18","11/15/18","blue","B",5,3.2451,3.5199,0.2748,NA,NA,NA,NA,NA,NA,NA,NA,NA,NA,NA,"sampleverybroken",NA,NA,NA,NA,NA,NA,NA,NA,NA,NA,NA,NA,NA,NA,NA,NA
"160","S340","E3Humus17A",340,"E",0,1,3,"Humus","6/16/17","11/21/18","green","A",17,0,NA,NA,NA,NA,NA,NA,NA,NA,NA,NA,NA,NA,NA,"missingfromfield",NA,NA,NA,NA,NA,NA,NA,NA,NA,NA,NA,NA,NA,NA,NA,NA
