"","Sample","Unique_Sample","order_for_unique_id","treatment","shrubs","pine","block","substrate","start_date","end_date","label","set","incubation","original_substrate_mass_g","deployed_bag_mass_g","bag_mass_g","final_bag_mass_g","final_substrate_g","substrate_mass_difference_g","percent_loss","percent_mass_remaining","DNA_Extraction_ID","copies_DNA_per_g_substrate","DNA_ug_per_g_substrate","ITS_copies_per_ng_DNA","tagNum","pool","notes","scata_ID","copies_fungi","copies_asco","copies_basid","copies_ecto","copies_whiterot","copies_ecto_whiterot","copies_sap_whiterot","copies_sap_non_whiterot","copies_sap"
"1","S2","C4Litter5A",2,"C",1,1,4,"Litter","6/16/17","11/21/17","blue","A",5,1.443,1.61,0.167,1.2428,1.0758,0.3672,25.45,74.55,"60",175030719,16,11247,1,4,"usethisindownstreamanothinglysislesspcrcycles","Jadraas_org_bags4 gITS7_tag_1_ITS4_tag_1",172145645.833333,166946533.666667,3411944.16666667,223396,0,0,0,171922249.833333,171922249.833333
"2","S6","DC4Litter5A",6,"DC",1,0,4,"Litter","6/16/17","11/21/17","blue","A",5,1.795,1.997,0.202,1.5696,1.3676,0.4274,23.81,76.19,"61",74599717,25,3028,4,4,"usethisindownstreamanothinglysislesspcrcycles","Jadraas_org_bags4 gITS7_tag_4_ITS4_tag_4",73807491.5,58993361.5,1481414,158723,0,0,0,73648768.5,73648768.5
"3","S24","T7Litter17B",24,"T",1,0,7,"Litter","6/14/18","11/20/19","green","B",17,1.7357,1.9425,0.2068,0.57,0.3632,1.3725,79.07,20.93,"247",6651779841,163,40784,9,4,"nothing","Jadraas_org_bags4 gITS7_tag_9_ITS4_tag_9",6454819197.5,5891577829.5,538741258,0,281490104,0,281490104,6173329093.5,6454819197.5
"4","S28","DC2Litter17B",28,"DC",1,0,2,"Litter","6/14/18","11/20/19","green","B",17,1.7969,2.0039,0.207,1.06,0.853,0.9439,52.53,47.47,"248",9347943978,137,68222,10,4,"nothing","Jadraas_org_bags4 gITS7_tag_10_ITS4_tag_10",9211322366.83333,8847887468.33333,238502343.666667,0,68150260,0,68150260,9143172106.83333,9211322366.83333
"5","S32","T5Litter17B",32,"T",1,0,5,"Litter","6/14/18","11/20/19","green","B",17,1.5277,1.7755,0.2478,0.76,0.5122,1.0155,66.47,33.53,"249",6393056633,102,62432,11,4,"nothing","Jadraas_org_bags4 gITS7_tag_11_ITS4_tag_11",6351117527.16667,6125843650.66667,178857579.666667,0,54442088,0,54442088,6296675439.16667,6351117527.16667
"6","S36","TE4Litter17B",36,"TE",0,0,4,"Litter","6/14/18","11/20/19","green","B",17,1.5772,1.7971,0.2199,0.82,0.6001,0.9771,61.95,38.05,"250",27322468215,124,220389,12,4,"nothing","Jadraas_org_bags4 gITS7_tag_12_ITS4_tag_12",27152879315.3333,9547540827.5,17368340621.8333,0,17300626945.8333,0,17300626945.8333,9852252369.5,27152879315.3333
"7","S40","E5Litter17B",40,"E",0,1,5,"Litter","6/14/18","11/20/19","green","B",17,1.4018,1.5894,0.1876,0.88,0.6924,0.7094,50.61,49.39,"251",8396782365,84,100409,13,4,"nothing","Jadraas_org_bags4 gITS7_tag_13_ITS4_tag_13",8327400383.66667,4678373661.16667,3649026722.5,6324137.66666667,3383409365,0,3383409365,4937666881,8321076246
"8","S44","T6Litter17B",44,"T",1,0,6,"Litter","6/14/18","11/20/19","green","B",17,1.7271,1.941,0.2139,0.8,0.5861,1.141,66.06,33.94,"252",8502985643,184,46241,14,4,"nothing","Jadraas_org_bags4 gITS7_tag_14_ITS4_tag_14",8340609491,7775503761.83333,548722327.166667,0,0,0,0,8340609491,8340609491
"9","S48","E6Litter17B",48,"E",0,1,6,"Litter","6/14/18","11/20/19","green","B",17,1.4301,1.6121,0.182,0.68,0.498,0.9321,65.18,34.82,"253",8939804317,80,111599,15,4,"nothing","Jadraas_org_bags4 gITS7_tag_15_ITS4_tag_15",8817791742.5,4944970444.83333,3859976751.66667,0,3789141197,0,3789141197,5028650545.5,8817791742.5
"10","S52","TE7Litter17B",52,"TE",0,0,7,"Litter","6/14/18","11/20/19","green","B",17,1.467,1.6651,0.1981,0.93,0.7319,0.7351,50.11,49.89,"254",6583099647,95,69382,16,4,"brokenbag","Jadraas_org_bags4 gITS7_tag_16_ITS4_tag_16",6486458668.66667,6093363527.66667,393095141,0,139324860,0,139324860,6347133808.66667,6486458668.66667
"11","S56","DC6Litter17B",56,"DC",1,0,6,"Litter","6/14/18","11/20/19","green","B",17,1.6836,1.8926,0.209,0.7,0.491,1.1926,70.84,29.16,"255",6031676674,86,70183,17,4,"nothing","Jadraas_org_bags4 gITS7_tag_17_ITS4_tag_17",5975267747.33333,3914934547.5,2027100820.83333,5538730,1960710324,0,1960710324,4009018693.33333,5969729017.33333
"12","S60","C2Litter17B",60,"C",1,1,2,"Litter","6/14/18","11/20/19","green","B",17,2.0838,2.3308,0.247,1.1,0.853,1.2308,59.07,40.93,"256",12542219430,117,107358,18,4,"nothing","Jadraas_org_bags4 gITS7_tag_18_ITS4_tag_18",12421595626.6667,10906802215.3333,1476477058.33333,365355161.833333,1021769404,0,1021769404,11034471060.8333,12056240464.8333
"13","S64","DC3Litter17B",64,"DC",1,0,3,"Litter","6/14/18","11/20/19","green","B",17,1.7443,1.9511,0.2068,0.78,0.5732,1.1711,67.14,32.86,"257",647232577,19,34879,20,4,"nothing","Jadraas_org_bags4 gITS7_tag_20_ITS4_tag_20",630573902.5,466819162.833333,158102053.666667,65005892,65712478,0,65712478,499855532.5,565568010.5
"14","S68","TE6Litter17B",68,"TE",0,0,6,"Litter","6/14/18","11/20/19","green","B",17,1.5188,1.7198,0.201,0.66,0.459,1.0598,69.78,30.22,"258",10203412688,94,108589,21,4,"nothing","Jadraas_org_bags4 gITS7_tag_21_ITS4_tag_21",10094085538.1667,4939325145.33333,5141893541.83333,0,4966604410,0,4966604410,5127481128.16667,10094085538.1667
"15","S72","T4Litter17B",72,"T",1,0,4,"Litter","6/14/18","11/20/19","green","B",17,1.621,1.8234,0.2024,0.74,0.5376,1.0834,66.84,33.16,"259",14802742381,187,79099,22,4,"nothing","Jadraas_org_bags4 gITS7_tag_22_ITS4_tag_22",14652647329,12398518631.1667,2081859984,0,1234758336,0,1234758336,13417888993,14652647329
"16","S76","C1Litter17B",76,"C",1,1,1,"Litter","6/14/18","11/20/19","green","B",17,1.7555,1.969,0.2135,0.72,0.5065,1.249,71.15,28.85,"260",8546353001,169,50629,23,4,"nothing","Jadraas_org_bags4 gITS7_tag_23_ITS4_tag_23",8429248005.5,4454878423.83333,3898166202.5,524416619.666667,3219343927.83333,0,3219343927.83333,4685487458,7904831385.83333
"17","S80","TE2Litter17B",80,"TE",0,0,2,"Litter","6/14/18","11/20/19","green","B",17,1.5016,1.6911,0.1895,0.92,0.7305,0.7711,51.35,48.65,"261",6816755641,68,100444,24,4,"nothing","Jadraas_org_bags4 gITS7_tag_24_ITS4_tag_24",6728196880.5,4038188487.16667,2679598847.83333,0,1905986776.83333,0,1905986776.83333,4822210103.66667,6728196880.5
"18","S84","C4Litter17B",84,"C",1,1,4,"Litter","6/14/18","11/20/19","green","B",17,1.7731,1.9813,0.2082,0.8,0.5918,1.1813,66.62,33.38,"262",21649369488,141,153351,25,4,"nothing","Jadraas_org_bags4 gITS7_tag_25_ITS4_tag_25",21439356562.5,10750262858.5,10666495197,0,10485707142,0,10485707142,10953649420.5,21439356562.5
"19","S87","E1Litter17B",87,"E",0,1,1,"Litter","6/14/18","11/20/19","green","B",17,1.6536,1.8688,0.2152,0.9,0.6848,0.9688,58.59,41.41,"263",5300755245,116,45836,26,4,"nothing","Jadraas_org_bags4 gITS7_tag_26_ITS4_tag_26",5260002413.5,4346032523.5,913969890,14744799,140075591,0,140075591,5105182023.5,5245257614.5
"20","S91","C5Litter17B",91,"C",1,1,5,"Litter","6/14/18","11/20/19","green","B",17,1.5148,1.7065,0.1917,0.82,0.6283,0.8865,58.52,41.48,"264",12850585928,174,73963,29,4,"nothing","Jadraas_org_bags4 gITS7_tag_29_ITS4_tag_29",12608710669.5,11811600696,755114594.5,125986137,41193155.5,0,41193155.5,12441531377,12482724532.5
"21","S95","C8Litter17B",95,"C",1,1,8,"Litter","6/14/18","11/20/19","green","B",17,1.6241,1.8412,0.2171,0.91,0.6929,0.9312,57.34,42.66,"265",10866472872,167,65124,31,4,"nothing","Jadraas_org_bags4 gITS7_tag_31_ITS4_tag_31",10513601559.6667,9631876846,655761781.666667,500294529.333333,42447159,0,42447159,9970859871.33333,10013307030.3333
"22","S99","E2Litter17B",99,"E",0,1,2,"Litter","6/14/18","11/20/19","green","B",17,1.5935,1.8214,0.2279,0.81,0.5821,1.0114,63.47,36.53,"266",7043015434,101,69626,32,4,"nothing","Jadraas_org_bags4 gITS7_tag_32_ITS4_tag_32",7003996601.33333,6929154633.33333,49710780,5731201,0,0,0,6998265400.33333,6998265400.33333
"23","S103","TE5Litter17B",103,"TE",0,0,5,"Litter","6/14/18","11/20/19","green","B",17,1.4938,1.6993,0.2055,0.73,0.5245,0.9693,64.89,35.11,"267",37742172139,179,211122,34,4,"nothing","Jadraas_org_bags4 gITS7_tag_34_ITS4_tag_34",37645030617.1667,22077648127.1667,15567382490,0,14933820848,0,14933820848,22711209769.1667,37645030617.1667
"24","S107","TE1Litter17B",107,"TE",0,0,1,"Litter","6/14/18","11/20/19","green","B",17,1.7157,1.9398,0.2241,0.95,0.7259,0.9898,57.69,42.31,"268",9664893374,113,85612,35,4,"brokenbag","Jadraas_org_bags4 gITS7_tag_35_ITS4_tag_35",9575306752.16667,9231249058.16667,333631703,0,104259907,0,104259907,9471046845.16667,9575306752.16667
"25","S115","DC5Litter17B",115,"DC",1,0,5,"Litter","6/14/18","11/20/19","green","B",17,1.4111,1.6033,0.1922,0.67,0.4778,0.9333,66.14,33.86,"270",10485881066,149,70292,38,4,"nothing","Jadraas_org_bags4 gITS7_tag_38_ITS4_tag_38",10393441347.6667,9706904079.83333,653958750.333333,136765744.333333,218591932.666667,0,218591932.666667,10038083670.6667,10256675603.3333
"26","S119","T8Litter17B",119,"T",1,0,8,"Litter","6/14/18","11/20/19","green","B",17,1.8471,2.0554,0.2083,1.12,0.9117,0.9354,50.64,49.36,"271",10404793048,110,94658,39,4,"nothing","Jadraas_org_bags4 gITS7_tag_39_ITS4_tag_39",10185989746,8948604831.16667,1164258351,0,171574915,0,171574915,10014414831,10185989746
"27","S127","C6Litter17B",127,"C",1,1,6,"Litter","6/14/18","11/20/19","green","B",17,1.5865,1.8018,0.2153,0.79,0.5747,1.0118,63.78,36.22,"272",7666573568,80,96151,41,4,"nothing","Jadraas_org_bags4 gITS7_tag_41_ITS4_tag_41",7648043929.5,7184372117.5,463671812,0,455677470,0,455677470,7192366459.5,7648043929.5
"28","S129","C1Litter17A",129,"C",1,1,1,"Litter","6/16/17","11/21/18","green","A",17,1.7555,1.969,0.2135,1.0168,0.8033,0.9522,54.24,45.76,"125",2351831474,106,22167,42,2,"nothing","Jadraas_org_bags2 gITS7_tag_42_ITS4_tag_42",2285053988.33333,1727684505.83333,550707070.5,0,475252064,0,475252064,1809801924.33333,2285053988.33333
"29","S131","DC4Litter17B",131,"DC",1,0,4,"Litter","6/14/18","11/20/19","green","B",17,1.366,1.5495,0.1835,0.6,0.4165,0.9495,69.51,30.49,"273",14604215478,111,131270,42,4,"nothing","Jadraas_org_bags4 gITS7_tag_42_ITS4_tag_42",14492193494,7436840334,7055353160,0,7037075043,0,7037075043,7455118451,14492193494
"30","S133","DC1Litter17A",133,"DC",1,0,1,"Litter","6/16/17","11/21/18","green","A",17,1.6975,1.9234,0.2259,1.2781,1.0522,0.6453,38.01,61.99,"126",1875278778,92,20462,44,2,"nothing","Jadraas_org_bags2 gITS7_tag_44_ITS4_tag_44",1796367824.16667,1656860007.16667,136570811,0,42586597,0,42586597,1753781227.16667,1796367824.16667
"31","S135","E1Litter17A",135,"E",0,1,1,"Litter","6/16/17","11/21/18","green","A",17,1.6536,1.8688,0.2152,0.8965,0.6813,0.9723,58.8,41.2,"127",2653215197,126,21129,45,2,"nothing","Jadraas_org_bags2 gITS7_tag_45_ITS4_tag_45",2602933910.33333,2089098400.33333,509365054,0,169877300,0,169877300,2433056610.33333,2602933910.33333
"32","S137","DC7Litter17B",137,"DC",1,0,7,"Litter","6/14/18","11/20/19","green","B",17,1.6117,1.8186,0.2069,0.71,0.5031,1.1086,68.78,31.22,"274",7367556709,143,51415,45,4,"nothing","Jadraas_org_bags4 gITS7_tag_45_ITS4_tag_45",7200449712.66667,5715695583.5,1475110730.16667,0,1321145640,0,1321145640,5879304072.66667,7200449712.66667
"33","S139","T1Litter17A",139,"T",1,0,1,"Litter","6/16/17","11/21/18","green","A",17,1.7803,1.9995,0.2192,1.0447,0.8255,0.9548,53.63,46.37,"128",3846679495,193,19920,46,2,"nothing","Jadraas_org_bags2 gITS7_tag_46_ITS4_tag_46",3778141701,2633361287,1112455377,0,99654888.8333333,0,99654888.8333333,3678486812.16667,3778141701
"34","S141","TE3Litter17B",141,"TE",0,0,3,"Litter","6/14/18","11/20/19","green","B",17,1.7862,1.9932,0.207,0.92,0.713,1.0732,60.08,39.92,"275",11585523306,115,100886,46,4,"nothing","Jadraas_org_bags4 gITS7_tag_46_ITS4_tag_46",11537369286,9072424608,2451250206,0,2150032103,0,2150032103,9387337183,11537369286
"35","S143","TE1Litter17A",143,"TE",0,0,1,"Litter","6/16/17","11/21/18","green","A",17,1.7157,1.9398,0.2241,0.8804,0.6563,1.0594,61.75,38.25,"129",1420851409,118,12065,47,2,"nothing","Jadraas_org_bags2 gITS7_tag_47_ITS4_tag_47",1372960362.33333,1288375271.16667,81502984.1666667,1027369,45204238,1027369,44176869,1327756124.33333,1371932993.33333
"36","S145","E8Litter17B",145,"E",0,1,8,"Litter","6/14/18","11/20/19","green","B",17,1.5352,1.7326,0.1974,0.74,0.5426,0.9926,64.66,35.34,"276",34403970745,140,245636,47,4,"nothing","Jadraas_org_bags4 gITS7_tag_47_ITS4_tag_47",34297380488.5,9514775216,24678033933.5,34857113,24468891254.5,0,24468891254.5,9793632121,34262523375.5
"37","S147","C2Litter17A",147,"C",1,1,2,"Litter","6/16/17","11/21/18","green","A",17,2.0838,2.3308,0.247,1.0561,0.8091,1.2747,61.17,38.83,"130",1078008073,97,11116,48,2,"nothing","Jadraas_org_bags2 gITS7_tag_48_ITS4_tag_48",1029127682.16667,895949290.333333,125956657.833333,0,58334958.8333333,0,58334958.8333333,970792723.333333,1029127682.16667
"38","S149","DC1Litter17B",149,"DC",1,0,1,"Litter","6/14/18","11/20/19","green","B",17,1.6975,1.9234,0.2259,0.84,0.6141,1.0834,63.82,36.18,"277",11210504031,154,72587,48,4,"nothing","Jadraas_org_bags4 gITS7_tag_48_ITS4_tag_48",11058258563.5,10896626467.6667,140073433.833333,75397447.8333333,0,0,0,10982861115.6667,10982861115.6667
"39","S151","DC2Litter17A",151,"DC",1,0,2,"Litter","6/16/17","11/21/18","green","A",17,1.7969,2.0039,0.207,0.9264,0.7194,1.0775,59.96,40.04,"131",932504540,108,8656,49,2,"nothing","Jadraas_org_bags2 gITS7_tag_49_ITS4_tag_49",901936600.333333,868714329.5,13115243,693828,665871.833333333,0,665871.833333333,900576900.5,901242772.333333
"40","S153","T3Litter17B",153,"T",1,0,3,"Litter","6/14/18","11/20/19","green","B",17,1.7438,1.933,0.1892,0.92,0.7308,1.013,58.09,41.91,"278",16298039632,158,103163,49,4,"nothing","Jadraas_org_bags4 gITS7_tag_49_ITS4_tag_49",15804710393.3333,13075397180.6667,2604567099,0,2323835317,0,2323835317,13480875076.3333,15804710393.3333
"41","S155","E2Litter17A",155,"E",0,1,2,"Litter","6/16/17","11/21/18","green","A",17,1.5935,1.8214,0.2279,1.1693,0.9414,0.6521,40.92,59.08,"132",5253095438,107,49229,50,2,"nothing","Jadraas_org_bags2 gITS7_tag_50_ITS4_tag_50",5210876399,5023962259.16667,174697638.833333,12216501,56604795.8333333,0,56604795.8333333,5142055102.16667,5198659898
"42","S157","TE8Litter17B",157,"TE",0,0,8,"Litter","6/14/18","11/20/19","green","B",17,1.8839,2.0905,0.2066,0.9,0.6934,1.1905,63.19,36.81,"279",14457870299,172,84167,50,4,"nothing","Jadraas_org_bags4 gITS7_tag_50_ITS4_tag_50",14102505880.1667,11658558585.8333,2272071136.5,0,1966781566.83333,0,1966781566.83333,12135724313.3333,14102505880.1667
"43","S159","T2Litter17A",159,"T",1,0,2,"Litter","6/16/17","11/21/18","green","A",17,1.8418,2.0696,0.2278,0.853,0.6252,1.2166,66.05,33.95,"133",1761126674,96,18267,51,2,"nothing","Jadraas_org_bags2 gITS7_tag_51_ITS4_tag_51",1746460943.33333,1599608767.66667,140699222.166667,0,128307830.166667,0,128307830.166667,1618153113.16667,1746460943.33333
"44","S161","C7Litter17B",161,"C",1,1,7,"Litter","6/14/18","11/20/19","green","B",17,1.4899,1.6685,0.1786,0.75,0.5714,0.9185,61.65,38.35,"280",4380802354,94,46482,51,4,"nothing","Jadraas_org_bags4 gITS7_tag_51_ITS4_tag_51",4276600044,3948647783.16667,307116100.833333,98971754,57299437,0,57299437,4120328853,4177628290
"45","S163","TE2Litter17A",163,"TE",0,0,2,"Litter","6/16/17","11/21/18","green","A",17,1.5016,1.6911,0.1895,0.7379,0.5484,0.9532,63.48,36.52,"134",451170382,54,8425,52,2,"nothing","Jadraas_org_bags2 gITS7_tag_52_ITS4_tag_52",442816581.833333,174042472,265179003.5,0,229714644.166667,0,229714644.166667,213101937.666667,442816581.833333
"46","S165","E7Litter17B",165,"E",0,1,7,"Litter","6/14/18","11/20/19","green","B",17,1.4137,1.6241,0.2104,0.52,0.3096,1.1041,78.1,21.9,"281",1399949658,53,26643,52,4,"nothing","Jadraas_org_bags4 gITS7_tag_52_ITS4_tag_52",1371902894.16667,1154546641.33333,207838331.833333,19882000,24459552,1438797,23020755,1329000139.16667,1352020894.16667
"47","S166","C1Litter5A",166,"C",1,1,1,"Litter","6/16/17","11/21/17","blue","A",5,1.61,1.805,0.195,1.3896,1.1946,0.4154,25.8,74.2,"45",10487145,21,500,53,1,"nothing","Jadraas_org_bags1 gITS7_tag_53_ITS4_tag_53",9823410,7008101.5,2800065.5,0,2126390,0,2126390,7697020,9823410
"48","S167","C3Litter17A",167,"C",1,1,3,"Litter","6/16/17","11/21/18","green","A",17,1.5445,1.7344,0.1899,1.3042,1.1143,0.4302,27.85,72.15,"135",2868146029,77,37110,53,2,"nothing","Jadraas_org_bags2 gITS7_tag_53_ITS4_tag_53",2746399311.5,929710451.5,1807295369,0,15655819,0,15655819,2730743492.5,2746399311.5
"49","S169","C3Litter17B",169,"C",1,1,3,"Litter","6/14/18","11/20/19","green","B",17,1.5445,1.7344,0.1899,0.74,0.5501,0.9944,64.38,35.62,"282",7235407860,99,73205,53,4,"nothing","Jadraas_org_bags4 gITS7_tag_53_ITS4_tag_53",7210620869.83333,3711845347.5,3475078771.33333,142180504,3214859169,0,3214859169,3853581196.83333,7068440365.83333
"50","S170","DC1Litter5A",170,"DC",1,0,1,"Litter","6/16/17","11/21/17","blue","A",5,1.758,1.995,0.237,1.5449,1.3079,0.4501,25.6,74.4,"46",498395952,34,14561,54,1,"nothing","Jadraas_org_bags1 gITS7_tag_54_ITS4_tag_54",489155482,195536627,291413563,0,27093585,0,27093585,462061897,489155482
"51","S171","DC3Litter17A",171,"DC",1,0,3,"Litter","6/16/17","11/21/18","green","A",17,1.7443,1.9511,0.2068,1.2082,1.0014,0.7429,42.59,57.41,"136",1259280017,75,16714,54,2,"nothing","Jadraas_org_bags2 gITS7_tag_54_ITS4_tag_54",1238735870.66667,1071846043.66667,90241200.8333333,0,12368322.8333333,0,12368322.8333333,1226367547.83333,1238735870.66667
"52","S173","T1Litter17B",173,"T",1,0,1,"Litter","6/14/18","11/20/19","green","B",17,1.7803,1.9995,0.2192,0.8,0.5808,1.1995,67.38,32.62,"283",5968751732,203,29405,54,4,"nothing","Jadraas_org_bags4 gITS7_tag_54_ITS4_tag_54",5786889142.83333,4506010578.16667,1243197051.66667,0,663194637,0,663194637,5123694505.83333,5786889142.83333
"53","S174","T1Litter5A",174,"T",1,0,1,"Litter","6/16/17","11/21/17","blue","A",5,1.483,1.667,0.184,1.3195,1.1355,0.3475,23.43,76.57,"48",157828453,32,4879,56,1,"nothing","Jadraas_org_bags1 gITS7_tag_56_ITS4_tag_56",151353242.666667,105910193,45112863.6666667,0,19393573.8333333,0,19393573.8333333,131959668.833333,151353242.666667
"54","S175","T3Litter17A",175,"T",1,0,3,"Litter","6/16/17","11/21/18","green","A",17,1.7438,1.933,0.1892,0.9525,0.7633,0.9805,56.23,43.77,"138",2133646245,115,18615,56,2,"nothing","Jadraas_org_bags2 gITS7_tag_56_ITS4_tag_56",2088045235,1694101068.66667,373780240.666667,0,355383080.833333,0,355383080.833333,1732662154.16667,2088045235
"55","S177","E3Litter17B",177,"E",0,1,3,"Litter","6/14/18","11/20/19","green","B",17,1.581,1.764,0.183,0.73,0.547,1.034,65.4,34.6,"284",6680228682,178,37441,56,4,"nothing","Jadraas_org_bags4 gITS7_tag_56_ITS4_tag_56",6507898322.33333,5820242926.66667,678591313.666667,225401175.833333,63448576,0,63448576,6219048570.5,6282497146.5
"56","S178","TE1Litter5A",178,"TE",0,0,1,"Litter","6/16/17","11/21/17","blue","A",5,1.347,1.522,0.175,1.1998,1.0248,0.3222,23.92,76.08,"49",1868798574,37,50622,57,1,"nothing","Jadraas_org_bags1 gITS7_tag_57_ITS4_tag_57",1827119365.66667,821015116.166667,1002119604.5,0,61083913.8333333,0,61083913.8333333,1766035451.83333,1827119365.66667
"57","S179","TE3Litter17A",179,"TE",0,0,3,"Litter","6/16/17","11/21/18","green","A",17,1.7862,1.9932,0.207,0.875,0.668,1.1182,62.6,37.4,"139",6267985802,118,53194,57,2,"nothing","Jadraas_org_bags2 gITS7_tag_57_ITS4_tag_57",6204306275.5,3160447645,2856354782.5,0,2758933680.5,0,2758933680.5,3445372595,6204306275.5
"58","S181","E4Litter17B",181,"E",0,1,4,"Litter","6/14/18","11/20/19","green","B",17,1.5621,1.7547,0.1926,1.15,0.9574,0.6047,38.71,61.29,"285",21597087514,148,146320,57,4,"nothing","Jadraas_org_bags4 gITS7_tag_57_ITS4_tag_57",21448411721.5,18717111758.1667,2546115932.33333,416499586.333333,694440112,347220056,347220056,20684692079.1667,21031912135.1667
"59","S182","C2Litter5A",182,"C",1,1,2,"Litter","6/16/17","11/21/17","blue","A",5,1.402,1.603,0.201,1.2416,1.0406,0.3614,25.78,74.22,"50",1305976233,16,82528,58,1,"nothing","Jadraas_org_bags1 gITS7_tag_58_ITS4_tag_58",1304826302.66667,20667862.1666667,1219896117.5,0,0,0,0,1304826302.66667,1304826302.66667
"60","S183","C4Litter17A",183,"C",1,1,4,"Litter","6/16/17","11/21/18","green","A",17,1.7731,1.9813,0.2082,1.2023,0.9941,0.779,43.93,56.07,"140",1852491454,91,20262,58,2,"nothing","Jadraas_org_bags2 gITS7_tag_58_ITS4_tag_58",1821225571.66667,973618039.5,732753063.166667,0,696522808.833333,0,696522808.833333,1124702762.83333,1821225571.66667
"61","S185","DC8Litter17B",185,"DC",1,0,8,"Litter","6/14/18","11/20/19","green","B",17,1.6918,1.8696,0.1778,0.99,0.8122,0.8796,51.99,48.01,"286",13252230957,125,105740,58,4,"nothing","Jadraas_org_bags4 gITS7_tag_58_ITS4_tag_58",13163861341,11745565452.3333,1349752689.33333,0,701176241,0,701176241,12462685100,13163861341
"62","S186","DC2Litter5A",186,"DC",1,0,2,"Litter","6/16/17","11/21/17","blue","A",5,1.503,1.696,0.193,1.2682,1.0752,0.4278,28.46,71.54,"51",156797153,6,28022,60,1,"nothing","Jadraas_org_bags1 gITS7_tag_60_ITS4_tag_60",148731805.166667,77881132,65892821.3333333,0,16911107,0,16911107,131820698.166667,148731805.166667
"63","S187","DC4Litter17A",187,"DC",1,0,4,"Litter","6/16/17","11/21/18","green","A",17,1.366,1.5495,0.1835,0.823,0.6395,0.7265,53.18,46.82,"141",1784396678,85,20965,60,2,"nothing","Jadraas_org_bags2 gITS7_tag_60_ITS4_tag_60",1759776466.83333,1453255198.66667,266156125.833333,0,229490440.833333,0,229490440.833333,1530286026,1759776466.83333
"64","S189","T2Litter17B",189,"T",1,0,2,"Litter","6/14/18","11/20/19","green","B",17,1.8418,2.0696,0.2278,0.84,0.6122,1.2296,66.76,33.24,"287",15325340082,199,76890,60,4,"nothing","Jadraas_org_bags4 gITS7_tag_60_ITS4_tag_60",15029073967.5,13956552936.1667,964616213,0,771692971,0,771692971,14257380996.5,15029073967.5
"65","S190","E2Litter5A",190,"E",0,1,2,"Litter","6/16/17","11/21/17","blue","A",5,1.448,1.63,0.182,1.2771,1.0951,0.3529,24.37,75.63,"52",229719357,33,7007,61,1,"nothing","Jadraas_org_bags1 gITS7_tag_61_ITS4_tag_61",224428595.333333,151263257.333333,62037064,2782068,655987.166666667,0,655987.166666667,220990540.166667,221646527.333333
"66","S191","E4Litter17A",191,"E",0,1,4,"Litter","6/16/17","11/21/18","green","A",17,1.5621,1.7547,0.1926,1.0276,0.835,0.7271,46.55,53.45,"142",1733069816,107,16175,61,2,"nothing","Jadraas_org_bags2 gITS7_tag_61_ITS4_tag_61",1702360108.5,1419464104.33333,43894344,0,12108785,0,12108785,1690251323.5,1702360108.5
"67","S192","T2Litter5A",192,"T",1,0,2,"Litter","6/16/17","11/21/17","blue","A",5,1.711,1.867,0.156,1.4262,1.2702,0.4408,25.76,74.24,"53",494163232,35,13965,63,1,"nothing","Jadraas_org_bags1 gITS7_tag_63_ITS4_tag_63",480072246.166667,156032864,307944498.166667,0,162206252,0,162206252,317865994.166667,480072246.166667
"68","S193","T4Litter17A",193,"T",1,0,4,"Litter","6/16/17","11/21/18","green","A",17,1.621,1.8234,0.2024,1.0123,0.8099,0.8111,50.04,49.96,"143",1105476359,77,14360,63,2,"nothing","Jadraas_org_bags2 gITS7_tag_63_ITS4_tag_63",1096431616.16667,1000832246.16667,46930600,0,45192430,0,45192430,1051239186.16667,1096431616.16667
"69","S195","E7Litter5B",195,"E",0,1,7,"Litter","6/14/18","11/15/18","blue","B",5,1.6314,1.8419,0.2105,1.4764,1.2659,0.3655,22.4,77.6,"288",413071307,26,15619,63,4,"nothing","Jadraas_org_bags4 gITS7_tag_63_ITS4_tag_63",395471324.166667,315536600.5,73028542.1666667,0,901902,0,901902,394569422.166667,395471324.166667
"70","S196","TE2Litter5A",196,"TE",0,0,2,"Litter","6/16/17","11/21/17","blue","A",5,1.685,1.873,0.188,1.6043,1.4163,0.2687,15.95,84.05,"54",314831495,20,15691,65,1,"nothing","Jadraas_org_bags1 gITS7_tag_65_ITS4_tag_65",301846098.666667,113885730.833333,185674249.833333,0,4416751,0,4416751,297429347.666667,301846098.666667
"71","S197","TE4Litter17A",197,"TE",0,0,4,"Litter","6/16/17","11/21/18","green","A",17,1.5772,1.7971,0.2199,0.8671,0.6472,0.93,58.97,41.03,"144",4056598556,106,38418,65,2,"nothing","Jadraas_org_bags2 gITS7_tag_65_ITS4_tag_65",4030321279.66667,2139962916.83333,1755022738.83333,0,1720412350.16667,0,1720412350.16667,2309908929.5,4030321279.66667
"72","S199","E5Litter5B",199,"E",0,1,5,"Litter","6/14/18","11/15/18","blue","B",5,1.5386,1.7145,0.1759,1.4194,1.2435,0.2951,19.18,80.82,"289",317180663,23,14007,65,4,"nothing","Jadraas_org_bags4 gITS7_tag_65_ITS4_tag_65",309954314.833333,153102058.666667,150027304.166667,0,2155248,0,2155248,307799066.833333,309954314.833333
"73","S200","C3Litter5A",200,"C",1,1,3,"Litter","6/16/17","11/21/17","blue","A",5,1.622,1.863,0.241,1.3906,1.1496,0.4724,29.12,70.88,"55",2660294727,32,83479,66,1,"nothing","Jadraas_org_bags1 gITS7_tag_66_ITS4_tag_66",2633848381.5,227087230.666667,2401807156.83333,0,4953994,0,4953994,2628894387.5,2633848381.5
"74","S201","C5Litter17A",201,"C",1,1,5,"Litter","6/16/17","11/21/18","green","A",17,1.5148,1.7065,0.1917,1.0647,0.873,0.6418,42.37,57.63,"145",1735772666,95,18227,66,2,"nothing","Jadraas_org_bags2 gITS7_tag_66_ITS4_tag_66",1717894520.83333,1569732966.83333,108182145,0,63300731,0,63300731,1654593789.83333,1717894520.83333
"75","S203","C8Litter5B",203,"C",1,1,8,"Litter","6/14/18","11/15/18","blue","B",5,1.891,2.1025,0.2115,1.5694,1.3579,0.5331,28.19,71.81,"290",1010017078,33,30441,66,4,"nothing","Jadraas_org_bags4 gITS7_tag_66_ITS4_tag_66",987053330.166667,775307370.166667,189547783,2466464,56699911.6666667,1233232,55466679.6666667,929120186.5,984586866.166667
"76","S204","DC3Litter5A",204,"DC",1,0,3,"Litter","6/16/17","11/21/17","blue","A",5,1.662,1.848,0.186,1.3904,1.2044,0.4576,27.53,72.47,"56",559409040,48,11602,67,1,"nothing","Jadraas_org_bags1 gITS7_tag_67_ITS4_tag_67",549583016.833333,413101422.833333,83078963,0,9298570,0,9298570,540284446.833333,549583016.833333
"77","S205","DC5Litter17A",205,"DC",1,0,5,"Litter","6/16/17","11/21/18","green","A",17,1.4111,1.6033,0.1922,1.2481,1.0559,0.3552,25.17,74.83,"146",1106120613,54,20365,67,2,"nothing","Jadraas_org_bags2 gITS7_tag_67_ITS4_tag_67",1091799823.16667,1039555013.16667,8979576,2448976,816325,0,816325,1088534522.16667,1089350847.16667
"78","S207","TE8Litter5B",207,"TE",0,0,8,"Litter","6/14/18","11/15/18","blue","B",5,1.5217,1.7036,0.1819,1.3702,1.1883,0.3334,21.91,78.09,"291",540382024,32,16649,67,4,"nothing","Jadraas_org_bags4 gITS7_tag_67_ITS4_tag_67",522144635,460119971.833333,44545721,530306,7954593,0,7954593,513659736,521614329
"79","S208","E3Litter5A",208,"E",0,1,3,"Litter","6/16/17","11/21/17","blue","A",5,1.421,1.617,0.196,1.2612,1.0652,0.3558,25.04,74.96,"57",973493586,38,25700,68,1,"nothing","Jadraas_org_bags1 gITS7_tag_68_ITS4_tag_68",960130944.166667,209560135,709197079.666667,0,691156468,0,691156468,268974476.166667,960130944.166667
"80","S209","E5Litter17A",209,"E",0,1,5,"Litter","6/16/17","11/21/18","green","A",17,1.4018,1.5894,0.1876,0.9089,0.7213,0.6805,48.54,51.46,"147",493846,62,8,68,2,"nothing","Jadraas_org_bags2 gITS7_tag_68_ITS4_tag_68",438718.833333333,122739.833333333,315281,698,68358,698,67660,370360.833333333,438020.833333333
"81","S211","C2Litter5B",211,"C",1,1,2,"Litter","6/14/18","11/15/18","blue","B",5,1.5467,1.7747,0.228,1.412,1.184,0.3627,23.45,76.55,"292",327810077,37,8817,68,4,"nothing","Jadraas_org_bags4 gITS7_tag_68_ITS4_tag_68",306014674.166667,258989644.666667,14902537.6666667,352484,867849.666666667,0,867849.666666667,304794340.5,305662190.166667
"82","S212","T3Litter5A",212,"T",1,0,3,"Litter","6/16/17","11/21/17","blue","A",5,1.596,1.775,0.179,1.341,1.162,0.434,27.19,72.81,"58",519899547,35,14737,69,1,"nothing","Jadraas_org_bags1 gITS7_tag_69_ITS4_tag_69",507153921.333333,107008642.5,347854170.833333,0,307335407.833333,0,307335407.833333,199818513.5,507153921.333333
"83","S213","T5Litter17A",213,"T",1,0,5,"Litter","6/16/17","11/21/18","green","A",17,1.5277,1.7755,0.2478,1.0791,0.8313,0.6964,45.58,54.42,"148",3911444897,79,49558,69,2,"nothing","Jadraas_org_bags2 gITS7_tag_69_ITS4_tag_69",3859394138.5,3523983620,162715261.666667,3198238,54370044,0,54370044,3801825856.5,3856195900.5
"84","S215","TE2Litter5B",215,"TE",0,0,2,"Litter","6/14/18","11/15/18","blue","B",5,1.7366,1.9389,0.2023,1.5222,1.3199,0.4167,24,76,"293",160100255,17,9562,69,4,"nothing","Jadraas_org_bags4 gITS7_tag_69_ITS4_tag_69",158361501.666667,33655688.6666667,122871904,0,11003454,0,11003454,147358047.666667,158361501.666667
"85","S217","TE5Litter17A",217,"TE",0,0,5,"Litter","6/16/17","11/21/18","green","A",17,1.4938,1.6993,0.2055,1.041,0.8355,0.6583,44.07,55.93,"149",3769848882,115,32903,70,2,"nothing","Jadraas_org_bags2 gITS7_tag_70_ITS4_tag_70",3759676064.16667,3635238965.16667,24781939.6666667,0,0,0,0,3759676064.16667,3759676064.16667
"86","S219","E8Litter5B",219,"E",0,1,8,"Litter","6/14/18","11/15/18","blue","B",5,1.5106,1.7149,0.2043,1.3543,1.15,0.3606,23.87,76.13,"294",712541547,74,9674,70,4,"nothing","Jadraas_org_bags4 gITS7_tag_70_ITS4_tag_70",693135678.333333,583128867.666667,62210097.8333333,0,20474436.8333333,0,20474436.8333333,672661241.5,693135678.333333
"87","S220","C4Litterrep",220,"C",1,1,4,"Litter","6/16/17","11/21/17","blue","A",5,NA,NA,NA,NA,NA,NA,NA,NA,"60r",NA,NA,NA,71,1,"donotuseinothingnothinglysis","Jadraas_org_bags1 gITS7_tag_71_ITS4_tag_71",NA,NA,NA,NA,NA,NA,NA,NA,NA
"88","S221","C6Litter17A",221,"C",1,1,6,"Litter","6/16/17","11/21/18","green","A",17,1.5865,1.8018,0.2153,0.897,0.6817,0.9048,57.03,42.97,"150",759984638,72,10594,71,2,"nothing","Jadraas_org_bags2 gITS7_tag_71_ITS4_tag_71",699804704.5,588979919.833333,90122261,0,61087789,0,61087789,638716915.5,699804704.5
"89","S223","DC3Litter5B",223,"DC",1,0,3,"Litter","6/14/18","11/15/18","blue","B",5,1.7339,1.9233,0.1894,1.5558,1.3664,0.3675,21.19,78.81,"295",290762969,38,7623,71,4,"nothing","Jadraas_org_bags4 gITS7_tag_71_ITS4_tag_71",281587460,203725220.666667,74893492,0,9440356,0,9440356,272147104,281587460
"90","S225","DC6Litter17A",225,"DC",1,0,6,"Litter","6/16/17","11/21/18","green","A",17,1.6836,1.8926,0.209,1.0565,0.8475,0.8361,49.66,50.34,"151",394950938,53,7400,72,2,"nothing","Jadraas_org_bags2 gITS7_tag_72_ITS4_tag_72",387101000.166667,270810394.5,104900802.833333,0,75645078,0,75645078,311455922.166667,387101000.166667
"91","S227","T8Litter5B",227,"T",1,0,8,"Litter","6/14/18","11/15/18","blue","B",5,1.3301,1.5145,0.1844,1.2092,1.0248,0.3053,22.95,77.05,"296",597613715,44,13569,72,4,"nothing","Jadraas_org_bags4 gITS7_tag_72_ITS4_tag_72",572011019,464537888.333333,93774520.3333333,0,0,0,0,572011019,572011019
"92","S228","E4Litter5A",228,"E",0,1,4,"Litter","6/16/17","11/21/17","blue","A",5,1.566,1.779,0.213,1.3804,1.1674,0.3986,25.45,74.55,"62",4537120,0,12974,73,1,"nothing","Jadraas_org_bags1 gITS7_tag_73_ITS4_tag_73",4026970.66666667,1133883.33333333,1294544,2485,636091,2485,633606,3390879.66666667,4024485.66666667
"93","S229","E6Litter17A",229,"E",0,1,6,"Litter","6/16/17","11/21/18","green","A",17,1.4301,1.6121,0.182,1.1016,0.9196,0.5105,35.7,64.3,"152",2537717942,67,37758,73,2,"nothing","Jadraas_org_bags2 gITS7_tag_73_ITS4_tag_73",2487572217.33333,871965309.666667,1596413937.83333,0,1545995700.83333,0,1545995700.83333,941576516.5,2487572217.33333
"94","S232","T4Litter5A",232,"T",1,0,4,"Litter","6/16/17","11/21/17","blue","A",5,1.494,1.728,0.234,1.3446,1.1106,0.3834,25.66,74.34,"63",764379945,22,34557,74,1,"nothing","Jadraas_org_bags1 gITS7_tag_74_ITS4_tag_74",754812775.166667,90544999.1666667,588370948.666667,0,31069485,0,31069485,723743290.166667,754812775.166667
"95","S233","T6Litter17A",233,"T",1,0,6,"Litter","6/16/17","11/21/18","green","A",17,1.7271,1.941,0.2139,0.7765,0.5626,1.1645,67.43,32.57,"153",3607185582,131,27621,74,2,"nothing","Jadraas_org_bags2 gITS7_tag_74_ITS4_tag_74",3577750102.66667,3350169754.83333,154294556.333333,0,1607476,0,1607476,3576142626.66667,3577750102.66667
"96","S235","E1Litter5B",235,"E",0,1,1,"Litter","6/14/18","11/15/18","blue","B",5,1.5569,1.7704,0.2135,1.484,1.2705,0.2864,18.4,81.6,"298",530140313,26,20766,74,4,"nothing","Jadraas_org_bags4 gITS7_tag_74_ITS4_tag_74",496367512.166667,360813132,119171281.166667,0,10727639.3333333,0,10727639.3333333,485639872.833333,496367512.166667
"97","S236","TE4Litter5A",236,"TE",0,0,4,"Litter","6/16/17","11/21/17","blue","A",5,1.358,1.554,0.196,1.2368,1.0408,0.3172,23.36,76.64,"64",365997822,31,11751,75,1,"nothing","Jadraas_org_bags1 gITS7_tag_75_ITS4_tag_75",343632329.833333,162156552.5,109452533.833333,0,10046250.8333333,0,10046250.8333333,333586079,343632329.833333
"98","S237","TE6Litter17A",237,"TE",0,0,6,"Litter","6/16/17","11/21/18","green","A",17,1.5188,1.7198,0.201,0.8851,0.6841,0.8347,54.96,45.04,"154",13426930293,137,98179,75,2,"nothing","Jadraas_org_bags2 gITS7_tag_75_ITS4_tag_75",13350045828,7392580841.83333,5870979514.33333,0,5844663774,0,5844663774,7505382054,13350045828
"99","S239","C3Litter5B",239,"C",1,1,3,"Litter","6/14/18","11/15/18","blue","B",5,1.605,1.8056,0.2006,1.4317,1.2311,0.3739,23.3,76.7,"299",680861442,37,18238,75,4,"nothing","Jadraas_org_bags4 gITS7_tag_75_ITS4_tag_75",661825482.666667,393696318.166667,214279213.5,0,5570685,0,5570685,656254797.666667,661825482.666667
"100","S240","C5Litter5A",240,"C",1,1,5,"Litter","6/16/17","11/21/17","blue","A",5,1.511,1.744,0.233,1.3961,1.1631,0.3479,23.02,76.98,"65",2314995426,19,120907,76,1,"nothing","Jadraas_org_bags1 gITS7_tag_76_ITS4_tag_76",2311186102.83333,149396217.833333,2121996237,0,46757535,0,46757535,2264428567.83333,2311186102.83333
"101","S241","C7Litter17A",241,"C",1,1,7,"Litter","6/16/17","11/21/18","green","A",17,1.4899,1.6685,0.1786,1.1232,0.9446,0.5453,36.6,63.4,"155",3291043256,88,37325,76,2,"nothing","Jadraas_org_bags2 gITS7_tag_76_ITS4_tag_76",3251865135.16667,2951273092.83333,277067789.333333,0,274782850.333333,0,274782850.333333,2977082284.83333,3251865135.16667
"102","S242","DC5Litter5A",242,"DC",1,0,5,"Litter","6/16/17","11/21/17","blue","A",5,1.723,1.961,0.238,1.6286,1.3906,0.3324,19.29,80.71,"66",1171552867,35,33690,77,1,"nothing","Jadraas_org_bags1 gITS7_tag_77_ITS4_tag_77",1158647674.5,447142765.5,178643304,1856661,49141226,0,49141226,1107649787.5,1156791013.5
"103","S243","DC7Litter17A",243,"DC",1,0,7,"Litter","6/16/17","11/21/18","green","A",17,1.6117,1.8186,0.2069,0.9039,0.697,0.9147,56.75,43.25,"156",1857065354,56,33163,77,2,"nothing","Jadraas_org_bags2 gITS7_tag_77_ITS4_tag_77",1837528994,1790877276.33333,24511863,0,22177399,0,22177399,1815351595,1837528994
"104","S245","E2Litter5B",245,"E",0,1,2,"Litter","6/14/18","11/15/18","blue","B",5,1.6193,1.8442,0.2249,1.4855,1.2606,0.3587,22.15,77.85,"300",111359383,21,5335,77,4,"nothing","Jadraas_org_bags4 gITS7_tag_77_ITS4_tag_77",101320699.333333,57304748,36074714.8333333,0,618664,0,618664,100702035.333333,101320699.333333
"105","S246","E5Litter5A",246,"E",0,1,5,"Litter","6/16/17","11/21/17","blue","A",5,1.655,1.878,0.223,1.5344,1.3114,0.3436,20.76,79.24,"67",378220251,29,13060,78,1,"nothing","Jadraas_org_bags1 gITS7_tag_78_ITS4_tag_78",375389666,95757660.8333333,255273360.166667,0,129495410,0,129495410,245894256,375389666
"106","S247","E7Litter17A",247,"E",0,1,7,"Litter","6/16/17","11/21/18","green","A",17,1.4137,1.6241,0.2104,0.7516,0.5412,0.8725,61.72,38.28,"157",1257383559,48,26328,78,2,"nothing","Jadraas_org_bags2 gITS7_tag_78_ITS4_tag_78",1246725810,646142168.333333,524582358,0,514897760,0,514897760,731828050,1246725810
"107","S249","C7Litter5B",249,"C",1,1,7,"Litter","6/14/18","11/15/18","blue","B",5,1.7284,1.9246,0.1962,1.5653,1.3691,0.3593,20.79,79.21,"301",151752766,21,7114,78,4,"nothing","Jadraas_org_bags4 gITS7_tag_78_ITS4_tag_78",149046835.5,111184340.666667,24979239.8333333,0,7674511.16666667,0,7674511.16666667,141372324.333333,149046835.5
"108","S250","T5Litter5A",250,"T",1,0,5,"Litter","6/16/17","11/21/17","blue","A",5,1.49,1.702,0.212,1.32,1.108,0.382,25.64,74.36,"68",1216636183,27,45700,79,1,"nothing","Jadraas_org_bags1 gITS7_tag_79_ITS4_tag_79",1211336075,82088384,1019881256,0,6279413,0,6279413,1205056662,1211336075
"109","S251","T7Litter17A",251,"T",1,0,7,"Litter","6/16/17","11/21/18","green","A",17,1.7357,1.9425,0.2068,0.6722,0.4654,1.2703,73.19,26.81,"158",624961415,56,11165,79,2,"nothing","Jadraas_org_bags2 gITS7_tag_79_ITS4_tag_79",613327031.5,198285322.666667,397568931,0,370198358,0,370198358,243128673.5,613327031.5
"110","S253","DC8Litter5B",253,"DC",1,0,8,"Litter","6/14/18","11/15/18","blue","B",5,1.6798,1.9162,0.2364,1.4296,1.1932,0.4866,28.97,71.03,"302",79338475,15,5410,79,4,"nothing","Jadraas_org_bags4 gITS7_tag_79_ITS4_tag_79",77656876,43727000.8333333,26176703.8333333,0,0,0,0,77656876,77656876
"111","S254","TE5Litter5A",254,"TE",0,0,5,"Litter","6/16/17","11/21/17","blue","A",5,1.808,2.01,0.202,1.5731,1.3711,0.4369,24.16,75.84,"69",847195390,25,33617,80,1,"nothing","Jadraas_org_bags1 gITS7_tag_80_ITS4_tag_80",842883197.333333,230103034.833333,534949905.5,0,126112448.333333,0,126112448.333333,716770749,842883197.333333
"112","S255","TE7Litter17A",255,"TE",0,0,7,"Litter","6/16/17","11/21/18","green","A",17,1.467,1.6651,0.1981,1.0009,0.8028,0.6642,45.28,54.72,"159",7557046768,101,74627,80,2,"nothing","Jadraas_org_bags2 gITS7_tag_80_ITS4_tag_80",7489981585.16667,7066161690,249043680,0,240878314,0,240878314,7249103271.16667,7489981585.16667
"113","S257","TE3Litter5B",257,"TE",0,0,3,"Litter","6/14/18","11/15/18","blue","B",5,1.4768,1.6443,0.1675,1.2691,1.1016,0.3752,25.41,74.59,"303",461531028,34,13694,80,4,"nothing","Jadraas_org_bags4 gITS7_tag_80_ITS4_tag_80",450271232.666667,349502239,97774815.6666667,0,27361355.8333333,0,27361355.8333333,422909876.833333,450271232.666667
"114","S258","C6Litter5A",258,"C",1,1,6,"Litter","6/16/17","11/21/17","blue","A",5,1.754,1.909,0.155,1.3794,1.2244,0.5296,30.19,69.81,"70",1001994449,27,36822,81,1,"nothing","Jadraas_org_bags1 gITS7_tag_81_ITS4_tag_81",996238590.833333,272357286.666667,646562048.166667,0,603735406.833333,0,603735406.833333,392503184,996238590.833333
"115","S259","C8Litter17A",259,"C",1,1,8,"Litter","6/16/17","11/21/18","green","A",17,1.6241,1.8412,0.2171,0.8352,0.6181,1.006,61.94,38.06,"160",587607552,81,7252,81,2,"nothing","Jadraas_org_bags2 gITS7_tag_81_ITS4_tag_81",582093144.666667,478105340.666667,103987804,3058465,76079312,0,76079312,502955367.666667,579034679.666667
"116","S261","C6Litter5B",261,"C",1,1,6,"Litter","6/14/18","11/15/18","blue","B",5,1.4171,1.634,0.2169,1.1861,0.9692,0.4479,31.61,68.39,"304",289868033,28,10402,81,4,"nothing","Jadraas_org_bags4 gITS7_tag_81_ITS4_tag_81",279149795.166667,219734519.166667,28705985,0,13104906,0,13104906,266044889.166667,279149795.166667
"117","S262","DC6Litter5A",262,"DC",1,0,6,"Litter","6/16/17","11/21/17","blue","A",5,1.508,1.746,0.238,1.4252,1.1872,0.3208,21.27,78.73,"71",132692181,16,8515,82,1,"brokenbag_orange","Jadraas_org_bags1 gITS7_tag_82_ITS4_tag_82",130441685.666667,48671313.3333333,19757087.3333333,0,10547236.8333333,0,10547236.8333333,119894448.833333,130441685.666667
"118","S263","DC8Litter17A",263,"DC",1,0,8,"Litter","6/16/17","11/21/18","green","A",17,1.6918,1.8696,0.1778,1.1181,0.9403,0.7515,44.42,55.58,"161",1619745247,71,22844,82,2,"nothing","Jadraas_org_bags2 gITS7_tag_82_ITS4_tag_82",1612775720.83333,1326481820,251382882.666667,0,156616589,0,156616589,1456159131.83333,1612775720.83333
"119","S265","T4Litter5B",265,"T",1,0,4,"Litter","6/14/18","11/15/18","blue","B",5,1.4274,1.6381,0.2107,1.2691,1.0584,0.369,25.85,74.15,"305",571754698,37,15460,82,4,"nothing","Jadraas_org_bags4 gITS7_tag_82_ITS4_tag_82",565469913.666667,442548416.5,59393198.1666667,0,42937553.5,0,42937553.5,522532360.166667,565469913.666667
"120","S266","E6Litter5A",266,"E",0,1,6,"Litter","6/16/17","11/21/17","blue","A",5,1.44,1.616,0.176,1.4002,1.2242,0.2158,14.99,85.01,"72",947853868,18,51811,83,1,"smallholeinbag","Jadraas_org_bags1 gITS7_tag_83_ITS4_tag_83",935921849.166667,372427243.166667,433996511.333333,631903,17591886.5,0,17591886.5,917698059.666667,935289946.166667
"121","S267","E8Litter17A",267,"E",0,1,8,"Litter","6/16/17","11/21/18","green","A",17,1.5352,1.7326,0.1974,0.9852,0.7878,0.7474,48.68,51.32,"162",2998280168,80,37368,83,2,"nothing","Jadraas_org_bags2 gITS7_tag_83_ITS4_tag_83",2974891698,2509667325,335829862,2823239,319012066.833333,0,319012066.833333,2653056392.16667,2972068459
"122","S269","TE7Litter5B",269,"TE",0,0,7,"Litter","6/14/18","11/15/18","blue","B",5,1.403,1.5973,0.1943,1.328,1.1337,0.2693,19.19,80.81,"306",258852756,17,15203,83,4,"nothing","Jadraas_org_bags4 gITS7_tag_83_ITS4_tag_83",253020397.5,135291447.5,116974277,0,5660046,0,5660046,247360351.5,253020397.5
"123","S270","T6Litter5A",270,"T",1,0,6,"Litter","6/16/17","11/21/17","blue","A",5,1.587,1.803,0.216,1.3339,1.1179,0.4691,29.56,70.44,"73",583462135,23,25018,84,1,"nothing","Jadraas_org_bags1 gITS7_tag_84_ITS4_tag_84",579152512.666667,160601374.833333,346320112,0,162670870,0,162670870,416481642.666667,579152512.666667
"124","S271","T8Litter17A",271,"T",1,0,8,"Litter","6/16/17","11/21/18","green","A",17,1.8471,2.0554,0.2083,1.0897,0.8814,0.9657,52.28,47.72,"163",2373156821,75,31636,84,2,"nothing","Jadraas_org_bags2 gITS7_tag_84_ITS4_tag_84",2326157707.16667,1727155301.16667,454991359,0,425958687.666667,0,425958687.666667,1900199019.5,2326157707.16667
"125","S273","DC7Litter5B",273,"DC",1,0,7,"Litter","6/14/18","11/15/18","blue","B",5,1.6541,1.8562,0.2021,1.4289,1.2268,0.4273,25.83,74.17,"307",64434220,11,5724,84,4,"nothing","Jadraas_org_bags4 gITS7_tag_84_ITS4_tag_84",62409325,45184957,13012570,0,502901,0,502901,61906424,62409325
"126","S274","TE6Litter5A",274,"TE",0,0,6,"Litter","6/16/17","11/21/17","blue","A",5,1.485,1.713,0.228,1.4,1.172,0.313,21.08,78.92,"74",1064059467,21,51625,85,1,"nothing","Jadraas_org_bags1 gITS7_tag_85_ITS4_tag_85",1057991405.16667,167158922.5,668943326.333333,0,84547455.6666667,0,84547455.6666667,973443949.5,1057991405.16667
"127","S275","TE8Litter17A",275,"TE",0,0,8,"Litter","6/16/17","11/21/18","green","A",17,1.8839,2.0905,0.2066,0.662,0.4554,1.4285,75.83,24.17,"164",148632797,29,5101,85,2,"nothing","Jadraas_org_bags2 gITS7_tag_85_ITS4_tag_85",145641775.833333,58031012.1666667,86817526.6666667,0,81477153.8333333,0,81477153.8333333,64164622,145641775.833333
"128","S277","T5Litter5B",277,"T",1,0,5,"Litter","6/14/18","11/15/18","blue","B",5,1.4001,1.599,0.1989,1.2263,1.0274,0.3727,26.62,73.38,"308",201622285,36,5570,85,4,"nothing","Jadraas_org_bags4 gITS7_tag_85_ITS4_tag_85",196442227.833333,178867358.666667,10174377.1666667,0,1801131.33333333,0,1801131.33333333,194641096.5,196442227.833333
"129","S278","C7Litter5A",278,"C",1,1,7,"Litter","6/16/17","11/21/17","blue","A",5,1.688,1.784,0.096,1.3937,1.2977,0.3903,23.12,76.88,"75",1272255479,40,32123,86,1,"nothing","Jadraas_org_bags1 gITS7_tag_86_ITS4_tag_86",1267927415.33333,174601016.333333,804599927,0,773810182,0,773810182,494117233.333333,1267927415.33333
"130","S280","C1Litter5B",280,"C",1,1,1,"Litter","6/14/18","11/15/18","blue","B",5,1.6859,1.9345,0.2486,1.4622,1.2136,0.4723,28.01,71.99,"309",645418197,40,16110,86,4,"nothing","Jadraas_org_bags4 gITS7_tag_86_ITS4_tag_86",639182224.833333,368845999.5,159500653.333333,0,22044644,0,22044644,617137580.833333,639182224.833333
"131","S281","DC7Litter5A",281,"DC",1,0,7,"Litter","6/16/17","11/21/17","blue","A",5,1.135,1.35,0.215,0.9982,0.7832,0.3518,31,69,"76",1662215971,26,63693,87,1,"nothing","Jadraas_org_bags1 gITS7_tag_87_ITS4_tag_87",1645115600.16667,94295363.3333333,1368896474.83333,0,486282908,0,486282908,1158832692.16667,1645115600.16667
"132","S283","DC5Litter5B",283,"DC",1,0,5,"Litter","6/14/18","11/15/18","blue","B",5,1.3143,1.5219,0.2076,1.2445,1.0369,0.2774,21.11,78.89,"310",160135448,21,7461,87,4,"nothing","Jadraas_org_bags4 gITS7_tag_87_ITS4_tag_87",156364138.666667,122039513.666667,23390571,415217,415217,0,415217,155533704.666667,155948921.666667
"133","S284","E7Litter5A",284,"E",0,1,7,"Litter","6/16/17","11/21/17","blue","A",5,1.543,1.72,0.177,1.378,1.201,0.342,22.16,77.84,"77",144362169,20,7218,88,1,"nothing","Jadraas_org_bags1 gITS7_tag_88_ITS4_tag_88",134654690.5,60675238,42167435.1666667,0,27316807,0,27316807,107337883.5,134654690.5
"134","S286","E3Litter5B",286,"E",0,1,3,"Litter","6/14/18","11/15/18","blue","B",5,1.6643,1.8624,0.1981,1.4406,1.2425,0.4218,25.34,74.66,"311",95373700,19,5016,88,4,"nothing","Jadraas_org_bags4 gITS7_tag_88_ITS4_tag_88",92896098.3333333,43253634.3333333,46934693,0,7922737,0,7922737,84973361.3333333,92896098.3333333
"135","S287","T7Litter5A",287,"T",1,0,7,"Litter","6/16/17","11/21/17","blue","A",5,1.612,1.81,0.198,1.5925,1.3945,0.2175,13.49,86.51,"78",844008643,35,23940,89,1,"nothing","Jadraas_org_bags1 gITS7_tag_89_ITS4_tag_89",837542405.333333,190404138.333333,562542482,0,376587690,0,376587690,460954715.333333,837542405.333333
"136","S289","T2Litter5B",289,"T",1,0,2,"Litter","6/14/18","11/15/18","blue","B",5,1.487,1.727,0.24,1.3272,1.0872,0.3998,26.89,73.11,"312",625626970,30,20802,89,4,"nothing","Jadraas_org_bags4 gITS7_tag_89_ITS4_tag_89",615760286,422401447.833333,192736942.166667,0,23581340.1666667,0,23581340.1666667,592178945.833333,615760286
"137","S290","TE7Litter5A",290,"TE",0,0,7,"Litter","6/16/17","11/21/17","blue","A",5,1.783,2.041,0.258,1.5001,1.2421,0.5409,30.34,69.66,"79",304477482,25,12030,90,1,"nothing","Jadraas_org_bags1 gITS7_tag_90_ITS4_tag_90",301918787.666667,57942229.6666667,67241518,0,14303208,0,14303208,287615579.666667,301918787.666667
"138","S292","DC1Litter5B",292,"DC",1,0,1,"Litter","6/14/18","11/15/18","blue","B",5,1.8166,2.0216,0.205,1.547,1.342,0.4746,26.13,73.87,"313",363949032,30,12154,90,4,"nothing","Jadraas_org_bags4 gITS7_tag_90_ITS4_tag_90",351868905,292906828.333333,51656318.6666667,0,32597797,0,32597797,319271108,351868905
"139","S293","C8Litter5A",293,"C",1,1,8,"Litter","6/16/17","11/21/17","blue","A",5,1.111,1.309,0.198,0.9529,0.7549,0.3561,32.05,67.95,"80",23079833,17,1377,91,1,"nothing","Jadraas_org_bags1 gITS7_tag_91_ITS4_tag_91",20895877.8333333,10066739.8333333,10584668,72436,2299834,0,2299834,18523607.8333333,20823441.8333333
"140","S295","T1Litter5B",295,"T",1,0,1,"Litter","6/14/18","11/15/18","blue","B",5,1.6454,1.8521,0.2067,1.3819,1.1752,0.4702,28.58,71.42,"314",425183923,58,7332,91,4,"nothing","Jadraas_org_bags4 gITS7_tag_91_ITS4_tag_91",409277016.166667,327269119,41131989.5,0,25313276,0,25313276,383963740.166667,409277016.166667
"141","S296","DC8Litter5A",296,"DC",1,0,8,"Litter","6/16/17","11/21/17","blue","A",5,1.271,1.474,0.203,1.1533,0.9503,0.3207,25.23,74.77,"81",199975839,16,12743,92,1,"nothing","Jadraas_org_bags1 gITS7_tag_92_ITS4_tag_92",199252885.166667,19670080,178272102.166667,0,3321261,0,3321261,195931624.166667,199252885.166667
"142","S297","E8Litter5A",297,"E",0,1,8,"Litter","6/16/17","11/21/17","blue","A",5,1.528,1.369,0.159,1.0986,0.9396,0.5884,38.51,61.49,"82",238027415,21,11309,93,1,"nothing","Jadraas_org_bags1 gITS7_tag_93_ITS4_tag_93",232469314.5,112228503.333333,114979751.166667,284382,34371541.3333333,0,34371541.3333333,197813391.166667,232184932.5
"143","S299","TE5Litter5B",299,"TE",0,0,5,"Litter","6/14/18","11/15/18","blue","B",5,1.2421,1.4393,0.1972,1.0979,0.9007,0.3414,27.49,72.51,"315",506837741,54,9445,93,4,"nothing","Jadraas_org_bags4 gITS7_tag_93_ITS4_tag_93",493670472.5,443194846.5,43710851,0,16651753,0,16651753,477018719.5,493670472.5
"144","S300","T8Litter5A",300,"T",1,0,8,"Litter","6/16/17","11/21/17","blue","A",5,1.147,1.309,0.162,1.043,0.881,0.266,23.19,76.81,"83",889057530,11,83182,94,1,"nothing","Jadraas_org_bags1 gITS7_tag_94_ITS4_tag_94",880955716.666667,75962807.3333333,740963824,0,41109624,0,41109624,839846092.666667,880955716.666667
"145","S302","E4Litter5B",302,"E",0,1,4,"Litter","6/14/18","11/15/18","blue","B",5,1.5856,1.7678,0.1822,1.375,1.1928,0.3928,24.77,75.23,"316",120255121,19,6375,94,4,"nothing","Jadraas_org_bags4 gITS7_tag_94_ITS4_tag_94",113124900.166667,82666688.5,29172060.6666667,0,633486.833333333,0,633486.833333333,112491413.333333,113124900.166667
"146","S303","TE8Litter5A",303,"TE",0,0,8,"Litter","6/16/17","11/21/17","blue","A",5,1.198,1.395,0.197,1.142,0.945,0.253,21.12,78.88,"84",827000099,23,35295,95,1,"nothing","Jadraas_org_bags1 gITS7_tag_95_ITS4_tag_95",824734303.5,53722349.8333333,744892445.666667,0,40163901.8333333,0,40163901.8333333,784570401.666667,824734303.5
"147","S309","E6Litter5B",309,"E",0,1,6,"Litter","6/14/18","11/15/18","blue","B",5,1.7447,1.9544,0.2097,1.6041,1.3944,0.3503,20.08,79.92,"318",139322620,20,6989,97,4,"nothing","Jadraas_org_bags4 gITS7_tag_97_ITS4_tag_97",134342498.666667,99267948.3333333,31450880.5,0,8568363.66666667,0,8568363.66666667,125774135,134342498.666667
"148","S311","DC6Litter5B",311,"DC",1,0,6,"Litter","6/14/18","11/15/18","blue","B",5,1.3994,1.5905,0.1911,1.2277,1.0366,0.3628,25.93,74.07,"319",548698429,29,18875,98,4,"nothing","Jadraas_org_bags4 gITS7_tag_98_ITS4_tag_98",540302742,431886252.333333,45231487.1666667,0,3147884.5,0,3147884.5,537154857.5,540302742
"149","S313","DC2Litter5B",313,"DC",1,0,2,"Litter","6/14/18","11/15/18","blue","B",5,1.5435,1.743,0.1995,1.3502,1.1507,0.3928,25.45,74.55,"320",390583902,28,13831,99,4,"nothing","Jadraas_org_bags4 gITS7_tag_99_ITS4_tag_99",379023322.666667,184694279.166667,149172865,1852572,1483529,308762,1174767,375995983.666667,377170750.666667
"150","S315","DC4Litter5B",315,"DC",1,0,4,"Litter","6/14/18","11/15/18","blue","B",5,1.4735,1.6769,0.2034,1.3738,1.1704,0.3031,20.57,79.43,"321",362005400,28,13000,100,4,"nothing","Jadraas_org_bags4 gITS7_tag_100_ITS4_tag_100",354208177.5,234296229.666667,111442386.833333,0,77045678,0,77045678,277162499.5,354208177.5
"151","S317","C4Litter5B",317,"C",1,1,4,"Litter","6/14/18","11/15/18","blue","B",5,1.8111,2.0152,0.2041,1.591,1.3869,0.4242,23.42,76.58,"322",414682289,26,15732,101,4,"nothing","Jadraas_org_bags4 gITS7_tag_101_ITS4_tag_101",401247194.333333,350707216.333333,23958957.8333333,0,3995562,0,3995562,397251632.333333,401247194.333333
"152","S319","TE1Litter5B",319,"TE",0,0,1,"Litter","6/14/18","11/15/18","blue","B",5,1.5265,1.7664,0.2399,1.3425,1.1026,0.4239,27.77,72.23,"323",938706661,35,26576,104,4,"nothing","Jadraas_org_bags4 gITS7_tag_104_ITS4_tag_104",919912369.666667,673229620.333333,244414413.666667,0,44365739.8333333,0,44365739.8333333,875546629.833333,919912369.666667
"153","S323","C5Litter5B",323,"C",1,1,5,"Litter","6/14/18","11/15/18","blue","B",5,1.594,1.7739,0.1799,1.384,1.2041,0.3899,24.46,75.54,"324",236313739,23,10133,105,4,"nothing","Jadraas_org_bags4 gITS7_tag_105_ITS4_tag_105",230324303,155123360.833333,70681794.1666667,1882978,5460636,0,5460636,222980689,228441325
"154","S326","T6Litter5B",326,"T",1,0,6,"Litter","6/14/18","11/15/18","blue","B",5,1.4424,1.6406,0.1982,1.0571,0.8589,0.5835,40.45,59.55,"325",215934916,27,7929,106,4,"nothing","Jadraas_org_bags4 gITS7_tag_106_ITS4_tag_106",207788412.333333,183726971.5,13764188.8333333,0,461071,0,461071,207327341.333333,207788412.333333
"155","S329","T3Litter5B",329,"T",1,0,3,"Litter","6/14/18","11/15/18","blue","B",5,1.7272,1.9281,0.2009,1.4764,1.2755,0.4517,26.15,73.85,"326",333872077,36,9219,107,4,"nothing","Jadraas_org_bags4 gITS7_tag_107_ITS4_tag_107",323089913.666667,276921455.5,43587575.3333333,0,24493039.8333333,0,24493039.8333333,298596873.833333,323089913.666667
"156","S331","E3Litter17A",331,"E",0,1,3,"Litter","6/16/17","11/21/18","green","A",17,1.581,1.764,0.183,1.1428,0.9598,0.6212,39.29,60.71,"137",3967629197,117,33974,108,2,"nothing","Jadraas_org_bags2 gITS7_tag_108_ITS4_tag_108",3878375161.66667,3495928318.33333,345856112.833333,10178628,34607335,0,34607335,3833589198.66667,3868196533.66667
"157","S333","TE6Litter5B",333,"TE",0,0,6,"Litter","6/14/18","11/15/18","blue","B",5,1.5382,1.7479,0.2097,1.3667,1.157,0.3812,24.78,75.22,"327",762879364,39,19786,108,4,"nothing","Jadraas_org_bags4 gITS7_tag_108_ITS4_tag_108",748154845.166667,421275362.5,314349723.5,0,10753689,0,10753689,737401156.166667,748154845.166667
"158","S334","T7Litter5B",334,"T",1,0,7,"Litter","6/14/18","11/15/18","blue","B",5,1.515,1.7307,0.2157,1.2992,1.0835,0.4315,28.48,71.52,"328",59638369,14,4172,109,4,"nothing","Jadraas_org_bags4 gITS7_tag_109_ITS4_tag_109",58339654.6666667,35537878,16570902.6666667,0,762964,0,762964,57576690.6666667,58339654.6666667
"159","S335","E1Litter5A",335,"E",0,1,1,"Litter","6/16/17","11/21/17","blue","A",5,1.227,1.409,0.182,1.1069,0.9249,0.3021,24.62,75.38,"47",1311590773,42,30996,112,1,"brokenbag","Jadraas_org_bags1 gITS7_tag_112_ITS4_tag_112",1305784680.16667,404218562.166667,849336786,0,404167160,0,404167160,901617520.166667,1305784680.16667
"160","S336","TE4Litter5B",336,"TE",0,0,4,"Litter","6/14/18","11/15/18","blue","B",5,1.6763,1.9091,0.2328,1.5824,1.3496,0.3267,19.49,80.51,"329",174011839,20,8876,112,4,"nothing","Jadraas_org_bags4 gITS7_tag_112_ITS4_tag_112",168510987,89524061.1666667,77652672.1666667,0,2120249,0,2120249,166390738,168510987
"161","S341","TELitter5A",341,"TE",0,0,3,"Litter","6/16/17","11/21/17","blue","A",5,NA,NA,NA,NA,NA,NA,NA,NA,NA,NA,NA,NA,NA,NA,"missing",NA,NA,NA,NA,NA,NA,NA,NA,NA,NA
